{
"__comment": "Designed by Hypixel minecraft server with BDcraft Cubik PRO 0.92 Beta - http://bdcraft.net",
"textures": {
    "texture": "items/diamond_shovel"
},
"elements": [ 
{
    "from": [ 6.5, 10, 6 ],
    "to": [ 18, 11, 10 ],
    "faces": {
        "up":    { "uv": [ 4.5, 0, 16, 0.5 ], "texture": "#texture" },
        "north": { "uv": [ 16, 0, 4.5, 1 ], "texture": "#texture" },
        "south": { "uv": [ 4.5, 0, 16, 1 ], "texture": "#texture" },
        "west":  { "uv": [ 4.5, 0, 5, 1 ], "texture": "#texture" }
    }
},
{
    "from": [ 14, 9.5, 5.5 ],
    "to": [ 18, 10, 10.5 ],
    "faces": {
        "down":  { "uv": [ 12, 1, 16, 1.5 ], "texture": "#texture" },
        "north": { "uv": [ 16, 1, 12, 1.5 ], "texture": "#texture" },
        "south": { "uv": [ 12, 1, 16, 1.5 ], "texture": "#texture" },
        "west":  { "uv": [ 12, 1, 16, 1.5 ], "texture": "#texture" }
    }
},
{
    "from": [ 17.5, 9, 5.5 ],
    "to": [ 18, 9.5, 10.5 ],
    "faces": {
        "north": { "uv": [ 15.5, 1.5, 16, 2 ], "texture": "#texture" },
        "south": { "uv": [ 15.5, 1.5, 16, 2 ], "texture": "#texture" },
        "west":  { "uv": [ 12, 1, 16, 1.5 ], "texture": "#texture" }
    }
},
{
    "from": [ 6.5, 10, 5.5 ],
    "to": [ 18, 10.5, 10.5 ],
    "faces": {
        "down":  { "uv": [ 4.5, 0, 16, 0.5 ], "texture": "#texture" },
        "up":    { "uv": [ 4.5, 0.5, 16, 1 ], "texture": "#texture" },
        "north": { "uv": [ 16, 0.5, 4.5, 1 ], "texture": "#texture" },
        "south": { "uv": [ 16, 0.5, 4.5, 1 ], "texture": "#texture" },
        "west":  { "uv": [ 4.5, 0.5, 5, 1 ], "texture": "#texture" },
        "east":  { "uv": [ 15.5, 0.5, 16, 1 ], "texture": "#texture" }
    }
},
{
    "from": [ 4.5, 9.5, 5.5 ],
    "to": [ 7, 10, 10.5 ],
    "faces": {
        "down":  { "uv": [ 2.5, 1, 5, 1.5 ], "texture": "#texture" },
        "up":    { "uv": [ 2.5, 1, 5, 1.5 ], "texture": "#texture" },
        "north": { "uv": [ 2.5, 1, 5, 1.5 ], "texture": "#texture" },
        "south": { "uv": [ 2.5, 1, 5, 1.5 ], "texture": "#texture" },
        "west":  { "uv": [ 4.5, 0.5, 9.5, 1 ], "texture": "#texture" },
        "east":  { "uv": [ 4.5, 0.5, 9.5, 1 ], "texture": "#texture" }
    }
},
{
    "from": [ 4.5, 10, 6 ],
    "to": [ 6.5, 10.5, 10 ],
    "faces": {
        "up":    { "uv": [ 5, 0, 7, 0.5 ], "texture": "#texture" },
        "north": { "uv": [ 4.5, 0.5, 2.5, 1 ], "texture": "#texture" },
        "south": { "uv": [ 2.5, 0.5, 4.5, 1 ], "texture": "#texture" }
    }
},
{
    "from": [ 4.5, 10.5, 9 ],
    "to": [ 6.5, 11, 9.5 ],
    "faces": {
        "up":    { "uv": [ 3, 4, 5, 4.5 ], "texture": "#texture" },
        "north": { "uv": [ 3, 4, 5, 4.5 ], "texture": "#texture" },
        "south": { "uv": [ 3, 4, 5, 4.5 ], "texture": "#texture" }
    }
},
{
    "from": [ 5.5, 10.75, 9 ],
    "to": [ 18, 11.25, 9.5 ],
    "faces": {
        "down":  { "uv": [ 2.5, 4, 15, 4.5 ], "texture": "#texture" },
        "up":    { "uv": [ 2.5, 4, 15, 4.5 ], "texture": "#texture" },
        "north": { "uv": [ 15, 4, 2.5, 4.5 ], "texture": "#texture" },
        "south": { "uv": [ 2.5, 4, 15, 4.5 ], "texture": "#texture" },
        "west":  { "uv": [ 2.5, 4, 3, 4.5 ], "texture": "#texture" },
        "east":  { "uv": [ 14.5, 4, 15, 4.5 ], "texture": "#texture" }
    }
},
{
    "from": [ 5.5, 10.75, 6.5 ],
    "to": [ 18, 11.25, 7 ],
    "faces": {
        "down":  { "uv": [ 2.5, 4, 15, 4.5 ], "texture": "#texture" },
        "up":    { "uv": [ 2.5, 4, 15, 4.5 ], "texture": "#texture" },
        "north": { "uv": [ 15, 4, 2.5, 4.5 ], "texture": "#texture" },
        "south": { "uv": [ 2.5, 4, 15, 4.5 ], "texture": "#texture" },
        "west":  { "uv": [ 2.5, 4, 3, 4.5 ], "texture": "#texture" },
        "east":  { "uv": [ 14.5, 4, 15, 4.5 ], "texture": "#texture" }
    }
},
{
    "from": [ 4.5, 10.5, 6.5 ],
    "to": [ 6.5, 11, 7 ],
    "faces": {
        "up":    { "uv": [ 3, 4, 5, 4.5 ], "texture": "#texture" },
        "north": { "uv": [ 3, 4, 5, 4.5 ], "texture": "#texture" },
        "south": { "uv": [ 3, 4, 5, 4.5 ], "texture": "#texture" }
    }
},
{
    "from": [ 4.5, 7.5, 5.5 ],
    "to": [ 6.5, 9.5, 10.5 ],
    "faces": {
        "down":  { "uv": [ 2.5, 3, 4.5, 3.5 ], "texture": "#texture" },
        "north": { "uv": [ 4.5, 1.5, 2.5, 3.5 ], "texture": "#texture" },
        "south": { "uv": [ 2.5, 1.5, 4.5, 3.5 ], "texture": "#texture" },
        "west":  { "uv": [ 2.5, 1.5, 3, 3.5 ], "texture": "#texture" },
        "east":  { "uv": [ 4, 1.5, 4.5, 3.5 ], "texture": "#texture" }
    }
},
{
    "from": [ 7, 8.5, 5 ],
    "to": [ 14, 9.5, 11 ],
    "faces": {
        "down":  { "uv": [ 5, 2, 12, 2.5 ], "texture": "#texture" },
        "up":    { "uv": [ 5, 1.5, 12, 2 ], "texture": "#texture" },
        "north": { "uv": [ 12, 1.5, 5, 2.5 ], "texture": "#texture" },
        "south": { "uv": [ 5, 1.5, 12, 2.5 ], "texture": "#texture" },
        "west":  { "uv": [ 5, 1.5, 5.5, 2.5 ], "texture": "#texture" },
        "east":  { "uv": [ 11.5, 1.5, 12, 2.5 ], "texture": "#texture" }
    }
},
{
    "from": [ 7.5, 9.5, 5 ],
    "to": [ 13.5, 10, 11 ],
    "faces": {
        "up":    { "uv": [ 5.5, 1, 11.5, 1.5 ], "texture": "#texture" },
        "north": { "uv": [ 11.5, 1, 5.5, 1.5 ], "texture": "#texture" },
        "south": { "uv": [ 5.5, 1, 11.5, 1.5 ], "texture": "#texture" },
        "west":  { "uv": [ 5.5, 1, 11.5, 1.5 ], "texture": "#texture" },
        "east":  { "uv": [ 5.5, 1, 11.5, 1.5 ], "texture": "#texture" }
    }
},
{
    "from": [ 5, 6.5, 6 ],
    "to": [ 18, 10, 10 ],
    "faces": {
        "down":  { "uv": [ 3, 4.5, 16, 5 ], "texture": "#texture" },
        "up":    { "uv": [ 3, 1, 16, 1.5 ], "texture": "#texture" },
        "north": { "uv": [ 16, 1, 3, 4.5 ], "texture": "#texture" },
        "south": { "uv": [ 3, 1, 16, 4.5 ], "texture": "#texture" },
        "west":  { "uv": [ 3, 1, 3.5, 4.5 ], "texture": "#texture" }
    }
},
{
    "from": [ 7.5, 6.5, 5.75 ],
    "to": [ 14.5, 8.5, 10.25 ],
    "faces": {
        "down":  { "uv": [ 5.5, 4, 12.5, 4.5 ], "texture": "#texture" },
        "up":    { "uv": [ 5.5, 2.5, 12.5, 3 ], "texture": "#texture" },
        "north": { "uv": [ 12.5, 2.5, 5.5, 4.5 ], "texture": "#texture" },
        "south": { "uv": [ 5.5, 2.5, 12.5, 4.5 ], "texture": "#texture" },
        "west":  { "uv": [ 5.5, 2.5, 6, 4.5 ], "texture": "#texture" },
        "east":  { "uv": [ 12, 2.5, 12.5, 4.5 ], "texture": "#texture" }
    }
},
{
    "from": [ 5.5, 6.5, 5.75 ],
    "to": [ 7.5, 7.5, 10.25 ],
    "faces": {
        "down":  { "uv": [ 3.5, 4, 5.5, 4.5 ], "texture": "#texture" },
        "up":    { "uv": [ 3.5, 3.5, 5.5, 4 ], "texture": "#texture" },
        "north": { "uv": [ 5.5, 3.5, 3.5, 4.5 ], "texture": "#texture" },
        "south": { "uv": [ 3.5, 3.5, 5.5, 4.5 ], "texture": "#texture" },
        "west":  { "uv": [ 3.5, 3.5, 4, 4.5 ], "texture": "#texture" }
    }
},
{
    "from": [ 14.5, 6.5, 5.75 ],
    "to": [ 15, 8, 10.25 ],
    "faces": {
        "down":  { "uv": [ 12.5, 4, 13, 4.5 ], "texture": "#texture" },
        "north": { "uv": [ 12.5, 3, 13, 4.5 ], "texture": "#texture" },
        "south": { "uv": [ 12.5, 3, 13, 4.5 ], "texture": "#texture" },
        "east":  { "uv": [ 12.5, 3, 13, 4.5 ], "texture": "#texture" }
    }
},
{
    "from": [ 15, 6.5, 5.75 ],
    "to": [ 15.5, 7.5, 10.25 ],
    "faces": {
        "down":  { "uv": [ 13, 4, 13.5, 4.5 ], "texture": "#texture" },
        "north": { "uv": [ 13, 3.5, 13.5, 4.5 ], "texture": "#texture" },
        "south": { "uv": [ 13, 3.5, 13.5, 4.5 ], "texture": "#texture" },
        "east":  { "uv": [ 13, 3.5, 13.5, 4.5 ], "texture": "#texture" }
    }
},
{
    "from": [ 15.5, 6.5, 5.75 ],
    "to": [ 16, 7, 10.25 ],
    "faces": {
        "down":  { "uv": [ 13.5, 4, 14, 4.5 ], "texture": "#texture" },
        "north": { "uv": [ 13.5, 4, 14, 4.5 ], "texture": "#texture" },
        "south": { "uv": [ 13.5, 4, 14, 4.5 ], "texture": "#texture" }
    }
},
{
    "from": [ 7, 7, 5 ],
    "to": [ 8, 8, 8.5 ],
    "faces": {
        "down":  { "uv": [ 7, 1.5, 10.5, 2 ], "rotation": 90, "texture": "#texture" },
        "up":    { "uv": [ 7, 1, 10.5, 1.5 ], "rotation": 90, "texture": "#texture" },
        "south": { "uv": [ 7, 1, 8, 2 ], "texture": "#texture" },
        "west":  { "uv": [ 7, 1, 10.5, 2 ], "texture": "#texture" },
        "east":  { "uv": [ 7, 1, 10.5, 2 ], "texture": "#texture" }
    }
},
{
    "from": [ 9.5, 7, 5 ],
    "to": [ 10.5, 8, 8.5 ],
    "faces": {
        "down":  { "uv": [ 7, 1.5, 10.5, 2 ], "rotation": 90, "texture": "#texture" },
        "up":    { "uv": [ 7, 1, 10.5, 1.5 ], "rotation": 90, "texture": "#texture" },
        "south": { "uv": [ 7, 1, 8, 2 ], "texture": "#texture" },
        "west":  { "uv": [ 7, 1, 10.5, 2 ], "texture": "#texture" },
        "east":  { "uv": [ 7, 1, 10.5, 2 ], "texture": "#texture" }
    }
},
{
    "from": [ 7, 7, 3 ],
    "to": [ 10.5, 8, 5 ],
    "faces": {
        "down":  { "uv": [ 9.5, 12.5, 13, 14.5 ], "texture": "#texture" },
        "up":    { "uv": [ 5.5, 1, 9, 1.5 ], "texture": "#texture" },
        "north": { "uv": [ 5.5, 1, 9, 2 ], "texture": "#texture" },
        "south": { "uv": [ 5.5, 1, 9, 2 ], "texture": "#texture" },
        "west":  { "uv": [ 1.5, 6, 3.5, 7 ], "texture": "#texture" },
        "east":  { "uv": [ 5.5, 1, 7.5, 2 ], "texture": "#texture" }
    }
},
{
    "from": [ 7, 8, 3.5 ],
    "to": [ 11.5, 8.5, 4.5 ],
    "faces": {
        "down":  { "uv": [ 6.5, 1.5, 11, 2.5 ], "texture": "#texture" },
        "up":    { "uv": [ 6.5, 1.5, 11, 2.5 ], "texture": "#texture" },
        "north": { "uv": [ 6.5, 1.5, 11, 2 ], "texture": "#texture" },
        "south": { "uv": [ 6.5, 1.5, 11, 2 ], "texture": "#texture" },
        "east":  { "uv": [ 6, 2, 7, 2.5 ], "texture": "#texture" }
    }
},
{
    "from": [ 10.5, 7.5, 3 ],
    "to": [ 11.5, 8, 5 ],
    "faces": {
        "down":  { "uv": [ 9.5, 13, 11.5, 14 ], "rotation": 90, "texture": "#texture" },
        "up":    { "uv": [ 9.5, 13, 11.5, 14 ], "rotation": 90, "texture": "#texture" },
        "north": { "uv": [ 7, 1, 8, 1.5 ], "texture": "#texture" },
        "south": { "uv": [ 7, 1, 8, 1.5 ], "texture": "#texture" },
        "east":  { "uv": [ 7, 1, 9, 1.5 ], "texture": "#texture" }
    }
},
{
    "from": [ 10.5, 7, 3.5 ],
    "to": [ 11.5, 7.5, 4.5 ],
    "faces": {
        "down":  { "uv": [ 8, 1.5, 9, 2.5 ], "texture": "#texture" },
        "north": { "uv": [ 7, 2, 8, 2.5 ], "texture": "#texture" },
        "south": { "uv": [ 7, 2, 8, 2.5 ], "texture": "#texture" },
        "east":  { "uv": [ 7, 2, 8, 2.5 ], "texture": "#texture" }
    }
},
{
    "from": [ 6.5, 8, 3.5 ],
    "to": [ 7, 8.5, 4.5 ],
    "faces": {
        "down":  { "uv": [ 10, 13, 10.5, 14 ], "texture": "#texture" },
        "up":    { "uv": [ 10, 13, 10.5, 14 ], "texture": "#texture" },
        "north": { "uv": [ 7, 1, 7.5, 1.5 ], "texture": "#texture" },
        "south": { "uv": [ 7, 1, 7.5, 1.5 ], "texture": "#texture" },
        "west":  { "uv": [ 7, 1, 8, 1.5 ], "texture": "#texture" }
    }
},
{
    "from": [ 6.5, 7, 3 ],
    "to": [ 7, 8, 3.5 ],
    "faces": {
        "down":  { "uv": [ 6.5, 1.5, 7, 2 ], "texture": "#texture" },
        "up":    { "uv": [ 6.5, 1, 7, 1.5 ], "texture": "#texture" },
        "north": { "uv": [ 6.5, 1, 7, 2 ], "texture": "#texture" },
        "south": { "uv": [ 6.5, 1, 7, 2 ], "texture": "#texture" },
        "west":  { "uv": [ 6.5, 1, 7, 2 ], "texture": "#texture" }
    }
},
{
    "from": [ 9.5, 7, 6 ],
    "to": [ 10.5, 8, 10.5 ],
    "faces": {
        "down":  { "uv": [ 6, 1.5, 11, 2.5 ], "rotation": 90, "texture": "#texture" },
        "up":    { "uv": [ 6, 1, 11, 2 ], "rotation": 90, "texture": "#texture" },
        "north": { "uv": [ 8.5, 3, 7.5, 4 ], "texture": "#texture" },
        "south": { "uv": [ 7.5, 3, 8.5, 4 ], "texture": "#texture" },
        "west":  { "uv": [ 6, 1.5, 11, 2.5 ], "texture": "#texture" },
        "east":  { "uv": [ 6, 1, 11, 2 ], "texture": "#texture" }
    }
},
{
    "from": [ 11, 7, 5.5 ],
    "to": [ 13, 8, 10.5 ],
    "faces": {
        "down":  { "uv": [ 9, 3.5, 11, 4 ], "texture": "#texture" },
        "up":    { "uv": [ 9, 3, 11, 3.5 ], "texture": "#texture" },
        "north": { "uv": [ 11, 3, 9, 4 ], "texture": "#texture" },
        "south": { "uv": [ 9, 3, 11, 4 ], "texture": "#texture" },
        "west":  { "uv": [ 9, 3, 9.5, 4 ], "texture": "#texture" },
        "east":  { "uv": [ 10.5, 3, 11, 4 ], "texture": "#texture" }
    }
},
{
    "from": [ 5, 6, 6 ],
    "to": [ 8.5, 6.5, 10 ],
    "faces": {
        "down":  { "uv": [ 4, 4.5, 7.5, 5 ], "texture": "#texture" },
        "north": { "uv": [ 3.5, 4.5, 7, 5 ], "texture": "#texture" },
        "south": { "uv": [ 3.5, 4.5, 7, 5 ], "texture": "#texture" },
        "west":  { "uv": [ 5, 4.5, 9, 5 ], "texture": "#texture" },
        "east":  { "uv": [ 5, 4.5, 9, 5 ], "texture": "#texture" }
    }
},
{
    "from": [ 14.5, 6, 6 ],
    "to": [ 18, 6.5, 10 ],
    "faces": {
        "down":  { "uv": [ 4, 4.5, 7.5, 5 ], "texture": "#texture" },
        "north": { "uv": [ 3.5, 4.5, 7, 5 ], "texture": "#texture" },
        "south": { "uv": [ 3.5, 4.5, 7, 5 ], "texture": "#texture" },
        "west":  { "uv": [ 5, 4.5, 9, 5 ], "texture": "#texture" },
        "east":  { "uv": [ 5, 4.5, 9, 5 ], "texture": "#texture" }
    }
},
{
    "from": [ 8.5, 6, 6.5 ],
    "to": [ 9, 6.5, 9.5 ],
    "faces": {
        "down":  { "uv": [ 6.5, 4.5, 9.5, 5 ], "rotation": 90, "texture": "#texture" },
        "north": { "uv": [ 6, 4.5, 6.5, 5 ], "texture": "#texture" },
        "south": { "uv": [ 6, 4.5, 6.5, 5 ], "texture": "#texture" },
        "east":  { "uv": [ 6.5, 4.5, 9.5, 5 ], "texture": "#texture" }
    }
},
{
    "from": [ 14, 6, 6.5 ],
    "to": [ 14.5, 6.5, 9.5 ],
    "faces": {
        "down":  { "uv": [ 6.5, 4.5, 9.5, 5 ], "rotation": 90, "texture": "#texture" },
        "north": { "uv": [ 6, 4.5, 6.5, 5 ], "texture": "#texture" },
        "south": { "uv": [ 6, 4.5, 6.5, 5 ], "texture": "#texture" },
        "west":  { "uv": [ 6.5, 4.5, 9.5, 5 ], "texture": "#texture" }
    }
},
{
    "from": [ 8.5, 6.25, 6 ],
    "to": [ 14.5, 6.75, 10 ],
    "faces": {
        "down":  { "uv": [ 6, 4.5, 12, 5 ], "texture": "#texture" },
        "up":    { "uv": [ 6, 4.5, 12, 5 ], "texture": "#texture" },
        "north": { "uv": [ 6.5, 4.5, 12.5, 5 ], "texture": "#texture" },
        "south": { "uv": [ 6.5, 4.5, 12.5, 5 ], "texture": "#texture" },
        "west":  { "uv": [ 6, 4.5, 10, 5 ], "texture": "#texture" },
        "east":  { "uv": [ 6, 4.5, 10, 5 ], "texture": "#texture" }
    }
},
{
    "from": [ 14.5, 8, 5.5 ],
    "to": [ 18, 9, 10.5 ],
    "faces": {
        "down":  { "uv": [ 12.5, 2.5, 16, 3 ], "texture": "#texture" },
        "up":    { "uv": [ 12.5, 2, 16, 2.5 ], "texture": "#texture" },
        "north": { "uv": [ 12.5, 2, 16, 3 ], "texture": "#texture" },
        "south": { "uv": [ 12.5, 2, 16, 3 ], "texture": "#texture" },
        "west":  { "uv": [ 12.5, 2, 13, 3 ], "texture": "#texture" }
    }
},
{
    "from": [ 15, 7.5, 5.25 ],
    "to": [ 18, 8, 10.75 ],
    "faces": {
        "down":  { "uv": [ 13, 3, 16, 3.5 ], "texture": "#texture" },
        "up":    { "uv": [ 13, 3, 16, 3.5 ], "texture": "#texture" },
        "north": { "uv": [ 13, 3, 16, 3.5 ], "texture": "#texture" },
        "south": { "uv": [ 13, 3, 16, 3.5 ], "texture": "#texture" },
        "west":  { "uv": [ 13, 3, 13.5, 3.5 ], "texture": "#texture" },
        "east":  { "uv": [ 15.5, 3, 16, 3.5 ], "texture": "#texture" }
    }
},
{
    "from": [ 15.5, 7, 5.25 ],
    "to": [ 18, 7.5, 10.75 ],
    "faces": {
        "down":  { "uv": [ 13.5, 3.5, 16, 4 ], "texture": "#texture" },
        "north": { "uv": [ 13.5, 3.5, 16, 4 ], "texture": "#texture" },
        "south": { "uv": [ 13.5, 3.5, 16, 4 ], "texture": "#texture" },
        "west":  { "uv": [ 13.5, 3.5, 14, 4 ], "texture": "#texture" },
        "east":  { "uv": [ 15.5, 3.5, 16, 4 ], "texture": "#texture" }
    }
},
{
    "from": [ 16, 6.5, 5.5 ],
    "to": [ 18, 7, 10.5 ],
    "faces": {
        "down":  { "uv": [ 14, 4, 16, 4.5 ], "texture": "#texture" },
        "north": { "uv": [ 14, 4, 16, 4.5 ], "texture": "#texture" },
        "south": { "uv": [ 14, 4, 16, 4.5 ], "texture": "#texture" },
        "west":  { "uv": [ 14, 4, 14.5, 4.5 ], "texture": "#texture" },
        "east":  { "uv": [ 15.5, 4, 16, 4.5 ], "texture": "#texture" }
    }
},
{
    "from": [ 8.5, 10.75, 7 ],
    "to": [ 9.5, 11.75, 9 ],
    "faces": {
        "down":  { "uv": [ 5, 4.5, 6, 5 ], "texture": "#texture" },
        "north": { "uv": [ 5, 4.5, 6, 5.5 ], "texture": "#texture" },
        "south": { "uv": [ 5, 4.5, 6, 5.5 ], "texture": "#texture" },
        "west":  { "uv": [ 4.5, 4.5, 6.5, 5.5 ], "texture": "#texture" },
        "east":  { "uv": [ 4.5, 4.5, 6.5, 5.5 ], "texture": "#texture" }
    }
},
{
    "from": [ 12, 10.75, 7 ],
    "to": [ 13, 11.75, 9 ],
    "faces": {
        "down":  { "uv": [ 5, 4.5, 6, 5 ], "texture": "#texture" },
        "north": { "uv": [ 5, 5, 6, 6 ], "texture": "#texture" },
        "south": { "uv": [ 5, 5, 6, 6 ], "texture": "#texture" },
        "west":  { "uv": [ 4.5, 4.5, 6.5, 5.5 ], "texture": "#texture" },
        "east":  { "uv": [ 4.5, 4.5, 6.5, 5.5 ], "texture": "#texture" }
    }
},
{
    "from": [ 7.5, 12.75, 7 ],
    "to": [ 14, 13.25, 9 ],
    "faces": {
        "down":  { "uv": [ 9.5, 12.5, 16, 14.5 ], "texture": "#texture" },
        "up":    { "uv": [ 9.5, 12.5, 16, 14.5 ], "texture": "#texture" },
        "north": { "uv": [ 16, 12.5, 9.5, 13 ], "texture": "#texture" },
        "south": { "uv": [ 9.5, 14, 16, 14.5 ], "texture": "#texture" },
        "west":  { "uv": [ 7, 2.5, 9, 3 ], "texture": "#texture" },
        "east":  { "uv": [ 13, 2, 15, 2.5 ], "texture": "#texture" }
    }
},
{
    "from": [ 7.5, 11.75, 6.5 ],
    "to": [ 13, 12.75, 9.5 ],
    "faces": {
        "down":  { "uv": [ 9.5, 12, 15, 15 ], "texture": "#texture" },
        "up":    { "uv": [ 9.5, 12, 15, 15 ], "texture": "#texture" },
        "north": { "uv": [ 15, 12.5, 9.5, 13.5 ], "texture": "#texture" },
        "south": { "uv": [ 9.5, 15, 15, 14 ], "texture": "#texture" },
        "west":  { "uv": [ 10, 14.5, 13, 15.5 ], "texture": "#texture" },
        "east":  { "uv": [ 1, 6, 4, 7 ], "texture": "#texture" }
    }
},
{
    "from": [ 13, 11.75, 9 ],
    "to": [ 13.5, 12.75, 9.5 ],
    "faces": {
        "down":  { "uv": [ 11.5, 14.5, 12, 15 ], "texture": "#texture" },
        "up":    { "uv": [ 11.5, 14.5, 12, 15 ], "texture": "#texture" },
        "north": { "uv": [ 13, 14.5, 13.5, 15.5 ], "texture": "#texture" },
        "south": { "uv": [ 13, 14.5, 13.5, 15.5 ], "texture": "#texture" },
        "east":  { "uv": [ 12.5, 14.5, 13, 15.5 ], "texture": "#texture" }
    }
},
{
    "from": [ 13, 11.75, 6.5 ],
    "to": [ 13.5, 12.75, 7 ],
    "faces": {
        "down":  { "uv": [ 11.5, 14.5, 12, 15 ], "texture": "#texture" },
        "up":    { "uv": [ 11.5, 14.5, 12, 15 ], "texture": "#texture" },
        "north": { "uv": [ 13, 14.5, 13.5, 15.5 ], "texture": "#texture" },
        "south": { "uv": [ 13, 14.5, 13.5, 15.5 ], "texture": "#texture" },
        "east":  { "uv": [ 12.5, 14.5, 13, 15.5 ], "texture": "#texture" }
    }
},
{
    "from": [ 1.5, 10, 6 ],
    "to": [ 4.5, 11, 10 ],
    "faces": {
        "down":  { "uv": [ 5, 5, 5.5, 5.5 ], "texture": "#texture" },
        "up":    { "uv": [ 6, 11, 9, 15 ], "texture": "#texture" },
        "north": { "uv": [ 9, 11, 6, 12 ], "texture": "#texture" },
        "south": { "uv": [ 6, 11, 9, 12 ], "texture": "#texture" },
        "west":  { "uv": [ 6.5, 1, 10.5, 2 ], "texture": "#texture" },
        "east":  { "uv": [ 6.5, 1, 10.5, 2 ], "texture": "#texture" }
    }
},
{
    "from": [ 1.5, 6, 5.5 ],
    "to": [ 4.5, 7, 10.5 ],
    "faces": {
        "down":  { "uv": [ 12.5, 3.5, 13, 4 ], "texture": "#texture" },
        "up":    { "uv": [ 5, 4.5, 5.5, 5 ], "texture": "#texture" },
        "north": { "uv": [ 9, 15, 6, 16 ], "texture": "#texture" },
        "south": { "uv": [ 6, 15, 9, 16 ], "texture": "#texture" },
        "west":  { "uv": [ 6, 2, 11, 3 ], "texture": "#texture" },
        "east":  { "uv": [ 6, 2, 11, 3 ], "texture": "#texture" }
    }
},
{
    "from": [ 1.5, 7, 9.5 ],
    "to": [ 4.5, 10, 10.5 ],
    "faces": {
        "up":    { "uv": [ 6, 11.5, 9, 12.5 ], "texture": "#texture" },
        "north": { "uv": [ 5, 4.5, 5.5, 5 ], "texture": "#texture" },
        "south": { "uv": [ 6, 12, 9, 15 ], "texture": "#texture" },
        "west":  { "uv": [ 6.5, 12, 7.5, 15 ], "texture": "#texture" },
        "east":  { "uv": [ 6.5, 12, 7.5, 15 ], "texture": "#texture" }
    }
},
{
    "from": [ 1.5, 7, 5.5 ],
    "to": [ 4.5, 10, 6.5 ],
    "faces": {
        "up":    { "uv": [ 6, 11.5, 9, 12.5 ], "texture": "#texture" },
        "north": { "uv": [ 9, 12, 6, 15 ], "texture": "#texture" },
        "south": { "uv": [ 4.5, 4.5, 5, 5 ], "texture": "#texture" },
        "west":  { "uv": [ 6, 12, 7, 15 ], "texture": "#texture" },
        "east":  { "uv": [ 6, 12, 7, 15 ], "texture": "#texture" }
    }
},
{
    "from": [ 4, 7, 6.5 ],
    "to": [ 4.5, 10, 9.5 ],
    "faces": {
        "west":  { "uv": [ 5, 4.5, 5.5, 5 ], "texture": "#texture" },
        "east":  { "uv": [ 5, 4.5, 5.5, 5 ], "texture": "#texture" }
    }
},
{
    "from": [ 4.5, 7, 5.5 ],
    "to": [ 5.5, 7.5, 10.5 ],
    "faces": {
        "down":  { "uv": [ 2.5, 3.5, 3, 4 ], "texture": "#texture" },
        "north": { "uv": [ 2.5, 3.5, 3, 4 ], "texture": "#texture" },
        "south": { "uv": [ 2.5, 3.5, 3, 4 ], "texture": "#texture" },
        "west":  { "uv": [ 2.5, 3.5, 3, 4 ], "texture": "#texture" },
        "east":  { "uv": [ 2.5, 3.5, 3, 4 ], "texture": "#texture" }
    }
},
{
    "from": [ 4.5, 6.5, 6 ],
    "to": [ 5, 7, 10 ],
    "faces": {
        "down":  { "uv": [ 2.5, 4, 3, 4.5 ], "texture": "#texture" },
        "north": { "uv": [ 2.5, 4, 3, 4.5 ], "texture": "#texture" },
        "south": { "uv": [ 2.5, 4, 3, 4.5 ], "texture": "#texture" }
    }
},
{
    "from": [ 5, 5.5, 7.25 ],
    "to": [ 8, 6, 8.75 ],
    "faces": {
        "down":  { "uv": [ 3.5, 5, 6.5, 5.5 ], "texture": "#texture" },
        "north": { "uv": [ 3.5, 5, 6.5, 5.5 ], "texture": "#texture" },
        "south": { "uv": [ 3.5, 5, 6.5, 5.5 ], "texture": "#texture" },
        "west":  { "uv": [ 1.5, 5.5, 3, 6 ], "texture": "#texture" },
        "east":  { "uv": [ 5, 5, 6.5, 5.5 ], "texture": "#texture" }
    }
},
{
    "from": [ 6, 5.5, 7 ],
    "to": [ 8, 6, 9 ],
    "faces": {
        "down":  { "uv": [ 5, 4.5, 5.5, 5 ], "texture": "#texture" },
        "north": { "uv": [ 4.5, 4.5, 6.5, 5 ], "texture": "#texture" },
        "south": { "uv": [ 4.5, 4.5, 6.5, 5 ], "texture": "#texture" },
        "west":  { "uv": [ 4, 4.5, 6, 5 ], "texture": "#texture" },
        "east":  { "uv": [ 4, 4.5, 6, 5 ], "texture": "#texture" }
    }
},
{
    "from": [ 6.5, 2, 7.5 ],
    "to": [ 8, 5.5, 8.5 ],
    "faces": {
        "down":  { "uv": [ 5, 9, 6.5, 8 ], "texture": "#texture" },
        "north": { "uv": [ 6.5, 5.5, 5, 9 ], "texture": "#texture" },
        "south": { "uv": [ 5, 5.5, 6.5, 9 ], "texture": "#texture" },
        "west":  { "uv": [ 5, 5.5, 5.5, 9 ], "texture": "#texture" },
        "east":  { "uv": [ 6, 5.5, 6.5, 9 ], "texture": "#texture" }
    }
},
{
    "from": [ 6.5, 3, 7 ],
    "to": [ 7.5, 5.5, 9 ],
    "faces": {
        "down":  { "uv": [ 5, 7.5, 6, 8 ], "texture": "#texture" },
        "north": { "uv": [ 6, 5.5, 5, 8 ], "texture": "#texture" },
        "south": { "uv": [ 5, 5.5, 6, 8 ], "texture": "#texture" },
        "west":  { "uv": [ 5, 5.5, 5.5, 8 ], "texture": "#texture" },
        "east":  { "uv": [ 5.5, 5.5, 6, 8 ], "texture": "#texture" }
    }
},
{
    "from": [ 6, 4.5, 7 ],
    "to": [ 6.5, 5.5, 9 ],
    "faces": {
        "down":  { "uv": [ 5, 6.5, 5.5, 8.5 ], "texture": "#texture" },
        "north": { "uv": [ 4.5, 5.5, 5, 6.5 ], "texture": "#texture" },
        "south": { "uv": [ 4.5, 5.5, 5, 6.5 ], "texture": "#texture" },
        "west":  { "uv": [ 4.5, 5.5, 5, 6.5 ], "texture": "#texture" }
    }
},
{
    "from": [ 5.5, 5, 7.25 ],
    "to": [ 6, 5.5, 8.75 ],
    "faces": {
        "down":  { "uv": [ 4, 5.5, 4.5, 6 ], "texture": "#texture" },
        "north": { "uv": [ 4, 5.5, 4.5, 6 ], "texture": "#texture" },
        "south": { "uv": [ 4, 5.5, 4.5, 6 ], "texture": "#texture" },
        "west":  { "uv": [ 4, 5.5, 4.5, 6 ], "texture": "#texture" }
    }
},
{
    "from": [ 14, 2, 7.5 ],
    "to": [ 16, 6, 8.5 ],
    "faces": {
        "down":  { "uv": [ 13, 8.5, 15, 9 ], "texture": "#texture" },
        "up":    { "uv": [ 13, 5, 15, 5.5 ], "texture": "#texture" },
        "north": { "uv": [ 15, 5, 13, 9 ], "texture": "#texture" },
        "south": { "uv": [ 13, 5, 15, 9 ], "texture": "#texture" },
        "west":  { "uv": [ 13, 5, 13.5, 9 ], "texture": "#texture" },
        "east":  { "uv": [ 14.5, 5, 15, 9 ], "texture": "#texture" }
    }
},
{
    "from": [ 14.5, 2, 7.25 ],
    "to": [ 15.5, 6, 8.75 ],
    "faces": {
        "down":  { "uv": [ 13.5, 8.5, 14.5, 9 ], "texture": "#texture" },
        "north": { "uv": [ 14.5, 5, 13.5, 9 ], "texture": "#texture" },
        "south": { "uv": [ 13.5, 5, 14.5, 9 ], "texture": "#texture" },
        "west":  { "uv": [ 13.5, 5, 14, 9 ], "texture": "#texture" },
        "east":  { "uv": [ 14, 5, 14.5, 9 ], "texture": "#texture" }
    }
},
{
    "from": [ 6.5, 7, 4.5 ],
    "to": [ 7, 8, 5 ],
    "faces": {
        "down":  { "uv": [ 6.5, 1.5, 7, 2 ], "texture": "#texture" },
        "up":    { "uv": [ 6.5, 1, 7, 1.5 ], "texture": "#texture" },
        "north": { "uv": [ 6.5, 1, 7, 2 ], "texture": "#texture" },
        "south": { "uv": [ 6.5, 1, 7, 2 ], "texture": "#texture" },
        "west":  { "uv": [ 6.5, 1, 7, 2 ], "texture": "#texture" }
    }
},
{
    "from": [ 18, 6.5, 6 ],
    "to": [ 19, 11, 10 ],
    "faces": {
        "down":  { "uv": [ 13.5, 11.5, 14.5, 15.5 ], "texture": "#texture" },
        "up":    { "uv": [ 15.5, 11.5, 14.5, 15.5 ], "texture": "#texture" },
        "north": { "uv": [ 14.5, 11.5, 13.5, 16 ], "texture": "#texture" },
        "south": { "uv": [ 13.5, 11.5, 14.5, 16 ], "texture": "#texture" },
        "west":  { "uv": [ 13.5, 11.5, 14, 16 ], "texture": "#texture" }
    }
},
{
    "from": [ 18, 7.5, 5.5 ],
    "to": [ 19, 10, 10.5 ],
    "faces": {
        "down":  { "uv": [ 13, 6, 14, 6.5 ], "texture": "#texture" },
        "up":    { "uv": [ 13, 6, 14, 6.5 ], "texture": "#texture" },
        "north": { "uv": [ 14, 6, 13, 8.5 ], "texture": "#texture" },
        "south": { "uv": [ 13, 6, 14, 8.5 ], "texture": "#texture" },
        "west":  { "uv": [ 13, 6, 13.5, 8.5 ], "texture": "#texture" }
    }
},
{
    "from": [ 19, 6.25, 5.5 ],
    "to": [ 20, 11.25, 10.5 ],
    "faces": {
        "down":  { "uv": [ 10, 15.5, 11, 16 ], "texture": "#texture" },
        "up":    { "uv": [ 10, 11, 11, 11.5 ], "texture": "#texture" },
        "north": { "uv": [ 10, 11, 11, 16 ], "texture": "#texture" },
        "south": { "uv": [ 10, 11, 11, 16 ], "texture": "#texture" },
        "west":  { "uv": [ 10, 11, 10.5, 16 ], "texture": "#texture" }
    }
},
{
    "from": [ 20, 6.75, 5 ],
    "to": [ 25, 10.75, 11 ],
    "faces": {
        "down":  { "uv": [ 10, 11.5, 15, 15.5 ], "texture": "#texture" },
        "up":    { "uv": [ 10, 11.5, 15, 15.5 ], "texture": "#texture" },
        "north": { "uv": [ 15, 11.5, 10, 15.5 ], "texture": "#texture" },
        "south": { "uv": [ 10, 11.5, 15, 15.5 ], "texture": "#texture" },
        "west":  { "uv": [ 10, 11.5, 10.5, 15.5 ], "texture": "#texture" },
        "east":  { "uv": [ 10, 11.5, 10.5, 15.5 ], "texture": "#texture" }
    }
},
{
    "from": [ 20, 6, 5.5 ],
    "to": [ 25, 11.5, 10.5 ],
    "faces": {
        "down":  { "uv": [ 10, 11, 15, 16 ], "texture": "#texture" },
        "up":    { "uv": [ 10, 11, 15, 16 ], "texture": "#texture" },
        "north": { "uv": [ 15, 11.5, 10, 15 ], "texture": "#texture" },
        "south": { "uv": [ 10, 15, 15, 11.5 ], "texture": "#texture" },
        "west":  { "uv": [ 10, 11.5, 10.5, 15 ], "texture": "#texture" },
        "east":  { "uv": [ 14.5, 11.5, 15, 15 ], "texture": "#texture" }
    }
},
{
    "from": [ 25, 6.5, 6 ],
    "to": [ 25.5, 11, 10 ],
    "faces": {
        "down":  { "uv": [ 0.5, 11.5, 4.5, 12 ], "rotation": 90, "texture": "#texture" },
        "up":    { "uv": [ 0.5, 7.5, 4.5, 8 ], "rotation": 90, "texture": "#texture" },
        "north": { "uv": [ 4, 7.5, 4.5, 12 ], "texture": "#texture" },
        "south": { "uv": [ 0.5, 7.5, 1, 12 ], "texture": "#texture" },
        "east":  { "uv": [ 0.5, 7.5, 4.5, 12 ], "texture": "#texture" }
    }
},
{
    "from": [ 25, 6.75, 5.5 ],
    "to": [ 25.5, 10.75, 6 ],
    "faces": {
        "down":  { "uv": [ 8.5, 15, 9, 15.5 ], "texture": "#texture" },
        "up":    { "uv": [ 8.5, 11.5, 9, 12 ], "texture": "#texture" },
        "north": { "uv": [ 8.5, 11.5, 9, 15.5 ], "texture": "#texture" },
        "east":  { "uv": [ 8.5, 11.5, 9, 15.5 ], "texture": "#texture" }
    }
},
{
    "from": [ 25, 6.75, 10 ],
    "to": [ 25.5, 10.75, 10.5 ],
    "faces": {
        "down":  { "uv": [ 8.5, 15, 9, 15.5 ], "texture": "#texture" },
        "up":    { "uv": [ 8.5, 11.5, 9, 12 ], "texture": "#texture" },
        "south": { "uv": [ 8.5, 11.5, 9, 15.5 ], "texture": "#texture" },
        "east":  { "uv": [ 8.5, 11.5, 9, 15.5 ], "texture": "#texture" }
    }
},
{
    "from": [ 25.5, 9, 6 ],
    "to": [ 26, 10.5, 7.5 ],
    "faces": {
        "down":  { "uv": [ 3, 9.5, 3.5, 8 ], "texture": "#texture" },
        "up":    { "uv": [ 4, 8, 4.5, 9.5 ], "texture": "#texture" },
        "north": { "uv": [ 4, 8, 4.5, 9.5 ], "texture": "#texture" },
        "south": { "uv": [ 3, 8, 3.5, 9.5 ], "texture": "#texture" },
        "east":  { "uv": [ 3, 8, 4.5, 9.5 ], "texture": "#texture" }
    }
},
{
    "from": [ 25.5, 9, 8.5 ],
    "to": [ 26, 10.5, 10 ],
    "faces": {
        "down":  { "uv": [ 1.5, 8, 2, 9.5 ], "texture": "#texture" },
        "up":    { "uv": [ 0.5, 8, 1, 9.5 ], "texture": "#texture" },
        "north": { "uv": [ 1.5, 8, 2, 9.5 ], "texture": "#texture" },
        "south": { "uv": [ 0.5, 8, 1, 9.5 ], "texture": "#texture" },
        "east":  { "uv": [ 0.5, 8, 2, 9.5 ], "texture": "#texture" }
    }
},
{
    "from": [ 25.5, 6.5, 8.5 ],
    "to": [ 26, 8, 10 ],
    "faces": {
        "down":  { "uv": [ 0.5, 10.5, 1, 12 ], "texture": "#texture" },
        "up":    { "uv": [ 1.5, 10.5, 2, 12 ], "texture": "#texture" },
        "north": { "uv": [ 1.5, 10.5, 2, 12 ], "texture": "#texture" },
        "south": { "uv": [ 0.5, 10.5, 1, 12 ], "texture": "#texture" },
        "east":  { "uv": [ 0.5, 10.5, 2, 12 ], "texture": "#texture" }
    }
},
{
    "from": [ 25.5, 6.5, 6 ],
    "to": [ 26, 8, 7.5 ],
    "faces": {
        "down":  { "uv": [ 4, 10.5, 4.5, 12 ], "texture": "#texture" },
        "up":    { "uv": [ 3, 12, 3.5, 10.5 ], "texture": "#texture" },
        "north": { "uv": [ 4, 10.5, 4.5, 12 ], "texture": "#texture" },
        "south": { "uv": [ 3, 10.5, 3.5, 12 ], "texture": "#texture" },
        "east":  { "uv": [ 3, 10.5, 4.5, 12 ], "texture": "#texture" }
    }
},
{
    "from": [ 25.5, 8, 9 ],
    "to": [ 26.5, 9, 9.5 ],
    "faces": {
        "down":  { "uv": [ 1, 10, 1.5, 10.5 ], "texture": "#texture" },
        "up":    { "uv": [ 1, 9.5, 1.5, 10 ], "texture": "#texture" },
        "north": { "uv": [ 1, 9.5, 1.5, 10.5 ], "texture": "#texture" },
        "south": { "uv": [ 1, 9.5, 1.5, 10.5 ], "texture": "#texture" },
        "east":  { "uv": [ 1, 9.5, 1.5, 10.5 ], "texture": "#texture" }
    }
},
{
    "from": [ 25.5, 8, 6.5 ],
    "to": [ 26.5, 9, 7 ],
    "faces": {
        "down":  { "uv": [ 1, 10, 1.5, 10.5 ], "texture": "#texture" },
        "up":    { "uv": [ 1, 9.5, 1.5, 10 ], "texture": "#texture" },
        "north": { "uv": [ 1, 9.5, 1.5, 10.5 ], "texture": "#texture" },
        "south": { "uv": [ 1, 9.5, 1.5, 10.5 ], "texture": "#texture" },
        "east":  { "uv": [ 1, 9.5, 1.5, 10.5 ], "texture": "#texture" }
    }
},
{
    "from": [ 25.5, 9.5, 7.5 ],
    "to": [ 26.5, 10, 8.5 ],
    "faces": {
        "down":  { "uv": [ 2, 8.5, 3, 9 ], "rotation": 90, "texture": "#texture" },
        "up":    { "uv": [ 2, 8.5, 3, 9 ], "rotation": 90, "texture": "#texture" },
        "north": { "uv": [ 2.5, 8.5, 3, 9 ], "texture": "#texture" },
        "south": { "uv": [ 2, 8.5, 2.5, 9 ], "texture": "#texture" },
        "east":  { "uv": [ 2, 8.5, 3, 9 ], "texture": "#texture" }
    }
},
{
    "from": [ 25.5, 7, 7.5 ],
    "to": [ 26.5, 7.5, 8.5 ],
    "faces": {
        "down":  { "uv": [ 2, 11, 3, 11.5 ], "rotation": 90, "texture": "#texture" },
        "up":    { "uv": [ 2, 11, 3, 11.5 ], "rotation": 90, "texture": "#texture" },
        "north": { "uv": [ 2.5, 11, 3, 11.5 ], "texture": "#texture" },
        "south": { "uv": [ 2, 11, 2.5, 11.5 ], "texture": "#texture" },
        "east":  { "uv": [ 2, 11, 3, 11.5 ], "texture": "#texture" }
    }
}
],
"display": {
    "thirdperson": {
        "rotation": [ -174, 90, -90 ],
        "translation": [ -0.6, -2.6, -2.6 ],
        "scale": [ 1, 1, 1 ]
    },
    "firstperson": {
        "rotation": [ 0, 40, 0 ],
        "translation": [ -9, 9.7, 3 ],
        "scale": [ 2, 2, 2 ]
    },
    "gui": {
        "rotation": [ -30, 135, 45 ],
        "translation": [ 4.4, 0, -1.9 ],
        "scale": [ 1, 1, 1 ]
    }
}
}