{
"__comment": "Designed by Hypixel minecraft server with BDcraft Cubik PRO 0.92 Beta - http://bdcraft.net",
"textures": {
    "texture": "items/golden_shovel"
},
"elements": [ 
{
    "from": [ 3, 0, 7.5 ],
    "to": [ 4.5, 3, 8.5 ],
    "faces": {
        "down":  { "uv": [ 12, 6, 13.5, 7 ], "texture": "#texture" },
        "up":    { "uv": [ 12, 5, 13.5, 6 ], "texture": "#texture" },
        "north": { "uv": [ 13.5, 5, 12, 8 ], "texture": "#texture" },
        "south": { "uv": [ 12, 5, 13.5, 8 ], "texture": "#texture" },
        "west":  { "uv": [ 12, 5, 12.5, 8 ], "texture": "#texture" },
        "east":  { "uv": [ 13, 5, 13.5, 8 ], "texture": "#texture" }
    }
},
{
    "from": [ 2.5, 0.5, 7.5 ],
    "to": [ 3, 2, 8.5 ],
    "faces": {
        "down":  { "uv": [ 12, 6, 12.5, 7 ], "texture": "#texture" },
        "up":    { "uv": [ 12, 5, 12.5, 6 ], "texture": "#texture" },
        "north": { "uv": [ 11.5, 6, 12, 7.5 ], "texture": "#texture" },
        "south": { "uv": [ 11.5, 6, 12, 7.5 ], "texture": "#texture" },
        "west":  { "uv": [ 11.5, 6, 12, 7.5 ], "texture": "#texture" }
    }
},
{
    "from": [ 4.5, 1, 7.5 ],
    "to": [ 5, 3.5, 8.5 ],
    "faces": {
        "down":  { "uv": [ 13.5, 6, 14, 7 ], "texture": "#texture" },
        "north": { "uv": [ 13.5, 4.5, 14, 7 ], "texture": "#texture" },
        "south": { "uv": [ 13.5, 4.5, 14, 7 ], "texture": "#texture" },
        "west":  { "uv": [ 13.5, 4.5, 14, 7 ], "texture": "#texture" },
        "east":  { "uv": [ 13.5, 4.5, 14, 7 ], "texture": "#texture" }
    }
},
{
    "from": [ 3.5, 3, 7.5 ],
    "to": [ 4.5, 3.5, 8.5 ],
    "faces": {
        "up":    { "uv": [ 12.5, 4.5, 13.5, 5 ], "texture": "#texture" },
        "north": { "uv": [ 13.5, 4.5, 12.5, 5 ], "texture": "#texture" },
        "south": { "uv": [ 12.5, 4.5, 13.5, 5 ], "texture": "#texture" },
        "west":  { "uv": [ 13, 4, 14, 4.5 ], "texture": "#texture" }
    }
},
{
    "from": [ 5, 2, 7.5 ],
    "to": [ 5.5, 3.5, 8.5 ],
    "faces": {
        "down":  { "uv": [ 13, 5, 13.5, 6 ], "texture": "#texture" },
        "north": { "uv": [ 14, 4.5, 14.5, 6 ], "texture": "#texture" },
        "south": { "uv": [ 14, 4.5, 14.5, 6 ], "texture": "#texture" },
        "east":  { "uv": [ 13, 5, 14, 6.5 ], "texture": "#texture" }
    }
},
{
    "from": [ 4, 3.5, 7.5 ],
    "to": [ 6, 4.5, 8.5 ],
    "faces": {
        "down":  { "uv": [ 13, 4, 15, 4.5 ], "texture": "#texture" },
        "north": { "uv": [ 15, 3.5, 13, 4.5 ], "texture": "#texture" },
        "south": { "uv": [ 13, 3.5, 15, 4.5 ], "texture": "#texture" },
        "west":  { "uv": [ 13, 3.5, 13.5, 4.5 ], "texture": "#texture" },
        "east":  { "uv": [ 14.5, 3.5, 15, 4.5 ], "texture": "#texture" }
    }
},
{
    "from": [ 4, 1.5, 7.25 ],
    "to": [ 5, 3.5, 8.75 ],
    "faces": {
        "down":  { "uv": [ 13, 6, 14, 6.5 ], "texture": "#texture" },
        "up":    { "uv": [ 13, 4.5, 14, 5 ], "texture": "#texture" },
        "north": { "uv": [ 14, 4.5, 13, 6.5 ], "texture": "#texture" },
        "south": { "uv": [ 13, 4.5, 14, 6.5 ], "texture": "#texture" },
        "west":  { "uv": [ 12.5, 5, 14, 7 ], "texture": "#texture" },
        "east":  { "uv": [ 13.5, 4.5, 14, 6.5 ], "texture": "#texture" }
    }
},
{
    "from": [ 3.5, 1.5, 7.25 ],
    "to": [ 4, 2.5, 8.75 ],
    "faces": {
        "up":    { "uv": [ 12.5, 6, 13, 7.5 ], "texture": "#texture" },
        "north": { "uv": [ 12.5, 5.5, 13, 6.5 ], "texture": "#texture" },
        "south": { "uv": [ 12.5, 5.5, 13, 6.5 ], "texture": "#texture" },
        "west":  { "uv": [ 12.5, 5, 14, 6 ], "texture": "#texture" }
    }
},
{
    "from": [ 3, 0.5, 7.25 ],
    "to": [ 4, 1.5, 8.75 ],
    "faces": {
        "down":  { "uv": [ 12.5, 6, 13.5, 7.5 ], "texture": "#texture" },
        "up":    { "uv": [ 12.5, 6, 13.5, 7.5 ], "texture": "#texture" },
        "north": { "uv": [ 12, 6.5, 13, 7.5 ], "texture": "#texture" },
        "south": { "uv": [ 12, 6.5, 13, 7.5 ], "texture": "#texture" },
        "west":  { "uv": [ 12, 6.5, 13.5, 7.5 ], "texture": "#texture" },
        "east":  { "uv": [ 12, 6.5, 13.5, 7.5 ], "texture": "#texture" }
    }
},
{
    "from": [ 4, 1, 7.25 ],
    "to": [ 4.5, 1.5, 8.75 ],
    "faces": {
        "down":  { "uv": [ 1.5, 6.5, 2, 8 ], "texture": "#texture" },
        "north": { "uv": [ 1.5, 7, 2, 7.5 ], "texture": "#texture" },
        "south": { "uv": [ 1.5, 7, 2, 7.5 ], "texture": "#texture" },
        "east":  { "uv": [ 0.5, 6.5, 2, 7 ], "texture": "#texture" }
    }
},
{
    "from": [ 4.5, 3.5, 7.25 ],
    "to": [ 5.5, 4.5, 8.75 ],
    "faces": {
        "down":  { "uv": [ 13.5, 4, 14.5, 4.5 ], "texture": "#texture" },
        "north": { "uv": [ 14.5, 3.5, 13.5, 4.5 ], "texture": "#texture" },
        "south": { "uv": [ 13.5, 3.5, 14.5, 4.5 ], "texture": "#texture" },
        "west":  { "uv": [ 13.5, 3.5, 14, 4.5 ], "texture": "#texture" },
        "east":  { "uv": [ 14, 3.5, 14.5, 4.5 ], "texture": "#texture" }
    }
},
{
    "from": [ 5.5, 2.5, 7.75 ],
    "to": [ 7.5, 3, 8.25 ],
    "faces": {
        "down":  { "uv": [ 13.5, 5, 15.5, 5.5 ], "texture": "#texture" },
        "up":    { "uv": [ 13.5, 5, 15.5, 5.5 ], "texture": "#texture" },
        "north": { "uv": [ 15.5, 5, 13.5, 5.5 ], "texture": "#texture" },
        "south": { "uv": [ 13.5, 5, 15.5, 5.5 ], "texture": "#texture" },
        "east":  { "uv": [ 15, 5, 15.5, 5.5 ], "texture": "#texture" }
    }
},
{
    "from": [ 7, 3, 7.75 ],
    "to": [ 8, 3.5, 8.25 ],
    "faces": {
        "down":  { "uv": [ 0, 6.5, 1, 7 ], "texture": "#texture" },
        "north": { "uv": [ 1, 6.5, 0, 7 ], "texture": "#texture" },
        "south": { "uv": [ 0, 6.5, 1, 7 ], "texture": "#texture" },
        "west":  { "uv": [ 0, 6.5, 0.5, 7 ], "texture": "#texture" },
        "east":  { "uv": [ 0.5, 6.5, 1, 7 ], "texture": "#texture" }
    }
},
{
    "from": [ 7, 3.5, 7.5 ],
    "to": [ 8, 4.5, 8.5 ],
    "faces": {
        "down":  { "uv": [ 0, 6, 1, 6.5 ], "texture": "#texture" },
        "north": { "uv": [ 1, 5.5, 0, 6.5 ], "texture": "#texture" },
        "south": { "uv": [ 0, 5.5, 1, 6.5 ], "texture": "#texture" },
        "west":  { "uv": [ 0, 5.5, 0.5, 6.5 ], "texture": "#texture" },
        "east":  { "uv": [ 0.5, 5.5, 1, 6.5 ], "texture": "#texture" }
    }
},
{
    "from": [ 8, 4, 7.5 ],
    "to": [ 8.5, 4.5, 8.5 ],
    "faces": {
        "down":  { "uv": [ 0, 5.5, 0.5, 6.5 ], "texture": "#texture" },
        "north": { "uv": [ 1, 5.5, 1.5, 6 ], "texture": "#texture" },
        "south": { "uv": [ 1, 5.5, 1.5, 6 ], "texture": "#texture" },
        "east":  { "uv": [ 1, 5.5, 2, 6 ], "texture": "#texture" }
    }
},
{
    "from": [ 8.5, 4, 7.75 ],
    "to": [ 9.5, 4.5, 8.25 ],
    "faces": {
        "down":  { "uv": [ 1.5, 5.5, 2.5, 6 ], "texture": "#texture" },
        "north": { "uv": [ 2.5, 5.5, 1.5, 6 ], "texture": "#texture" },
        "south": { "uv": [ 1.5, 5.5, 2.5, 6 ], "texture": "#texture" },
        "east":  { "uv": [ 2, 5.5, 2.5, 6 ], "texture": "#texture" }
    }
},
{
    "from": [ 3, 4.75, 7 ],
    "to": [ 6, 6.25, 9 ],
    "faces": {
        "down":  { "uv": [ 12, 2, 15, 2.5 ], "texture": "#texture" },
        "up":    { "uv": [ 12, 1, 15, 1.5 ], "texture": "#texture" },
        "north": { "uv": [ 15, 1, 12, 2.5 ], "texture": "#texture" },
        "south": { "uv": [ 12, 1, 15, 2.5 ], "texture": "#texture" },
        "west":  { "uv": [ 3, 11.5, 3.5, 13 ], "texture": "#texture" },
        "east":  { "uv": [ 14.5, 1, 15, 2.5 ], "texture": "#texture" }
    }
},
{
    "from": [ 3, 4.5, 7.25 ],
    "to": [ 6, 6.5, 8.75 ],
    "faces": {
        "down":  { "uv": [ 12, 2.5, 15, 3 ], "texture": "#texture" },
        "up":    { "uv": [ 12, 2.5, 15, 3 ], "texture": "#texture" },
        "north": { "uv": [ 15, 2.5, 12, 3 ], "texture": "#texture" },
        "south": { "uv": [ 12, 2.5, 15, 3 ], "texture": "#texture" },
        "west":  { "uv": [ 3, 11.5, 3.5, 13.5 ], "texture": "#texture" }
    }
},
{
    "from": [ 3, 6.5, 7.5 ],
    "to": [ 6, 7.5, 8.5 ],
    "faces": {
        "up":    { "uv": [ 12, 0, 15, 0.5 ], "texture": "#texture" },
        "north": { "uv": [ 15, 0, 12, 1 ], "texture": "#texture" },
        "south": { "uv": [ 12, 0, 15, 1 ], "texture": "#texture" },
        "west":  { "uv": [ 12, 0, 12.5, 1 ], "texture": "#texture" },
        "east":  { "uv": [ 14.5, 0, 15, 1 ], "texture": "#texture" }
    }
},
{
    "from": [ 6, 4.5, 7.25 ],
    "to": [ 7, 7, 8.75 ],
    "faces": {
        "down":  { "uv": [ 15, 2.5, 16, 3 ], "texture": "#texture" },
        "up":    { "uv": [ 15, 0.5, 16, 1 ], "texture": "#texture" },
        "north": { "uv": [ 15, 0.5, 16, 3 ], "texture": "#texture" },
        "south": { "uv": [ 15, 0.5, 16, 3 ], "texture": "#texture" },
        "west":  { "uv": [ 15, 0.5, 15.5, 3 ], "texture": "#texture" },
        "east":  { "uv": [ 15.5, 0.5, 16, 3 ], "texture": "#texture" }
    }
},
{
    "from": [ 6, 7, 7.5 ],
    "to": [ 7, 7.5, 8.5 ],
    "faces": {
        "north": { "uv": [ 16, 0, 15, 0.5 ], "texture": "#texture" },
        "south": { "uv": [ 15, 0, 16, 0.5 ], "texture": "#texture" },
        "east":  { "uv": [ 15.5, 0, 16, 0.5 ], "texture": "#texture" }
    }
},
{
    "from": [ 1, 4.5, 7.5 ],
    "to": [ 2, 6.5, 8.5 ],
    "faces": {
        "down":  { "uv": [ 9.5, 1.5, 10.5, 2.5 ], "texture": "#texture" },
        "up":    { "uv": [ 12.5, 1.5, 13.5, 2.5 ], "texture": "#texture" },
        "north": { "uv": [ 10.5, 1, 9.5, 3 ], "texture": "#texture" },
        "south": { "uv": [ 9.5, 1, 10.5, 3 ], "texture": "#texture" },
        "west":  { "uv": [ 3.5, 13, 4.5, 15 ], "texture": "#texture" },
        "east":  { "uv": [ 3.5, 13, 4.5, 15 ], "texture": "#texture" }
    }
},
{
    "from": [ 1, 4.75, 7.25 ],
    "to": [ 3, 6.25, 8.75 ],
    "faces": {
        "down":  { "uv": [ 10, 2, 12, 2.5 ], "texture": "#texture" },
        "up":    { "uv": [ 10, 1, 12, 1.5 ], "texture": "#texture" },
        "north": { "uv": [ 12, 1, 10, 2.5 ], "texture": "#texture" },
        "south": { "uv": [ 10, 1, 12, 2.5 ], "texture": "#texture" },
        "west":  { "uv": [ 11, 1, 11.5, 2.5 ], "texture": "#texture" }
    }
},
{
    "from": [ 7, 5, 7.5 ],
    "to": [ 11.5, 7, 8.5 ],
    "faces": {
        "up":    { "uv": [ 0, 3, 4.5, 3.5 ], "texture": "#texture" },
        "north": { "uv": [ 0, 3, 4.5, 5 ], "texture": "#texture" },
        "south": { "uv": [ 0, 3, 4.5, 5 ], "texture": "#texture" }
    }
},
{
    "from": [ 7, 5.25, 7.25 ],
    "to": [ 11.5, 6.75, 8.75 ],
    "faces": {
        "down":  { "uv": [ 0, 4.5, 4.5, 5 ], "texture": "#texture" },
        "up":    { "uv": [ 0, 3, 4.5, 3.5 ], "texture": "#texture" },
        "north": { "uv": [ 4.5, 3, 0, 4.5 ], "texture": "#texture" },
        "south": { "uv": [ 0, 3, 4.5, 4.5 ], "texture": "#texture" }
    }
},
{
    "from": [ 7, 7, 7.75 ],
    "to": [ 13.5, 7.5, 8.25 ],
    "faces": {
        "down":  { "uv": [ 0, 2.5, 6.5, 3 ], "texture": "#texture" },
        "up":    { "uv": [ 0, 2.5, 6.5, 3 ], "texture": "#texture" },
        "north": { "uv": [ 6.5, 2.5, 0, 3 ], "texture": "#texture" },
        "south": { "uv": [ 0, 2.5, 6.5, 3 ], "texture": "#texture" },
        "east":  { "uv": [ 6, 2.5, 6.5, 3 ], "texture": "#texture" }
    }
},
{
    "from": [ 7, 5.75, 7 ],
    "to": [ 8, 6.25, 9 ],
    "faces": {
        "down":  { "uv": [ 0, 3.5, 1, 4 ], "texture": "#texture" },
        "up":    { "uv": [ 0, 3.5, 1, 4 ], "texture": "#texture" },
        "north": { "uv": [ 0, 3.5, 1, 4 ], "texture": "#texture" },
        "south": { "uv": [ 0, 3.5, 1, 4 ], "texture": "#texture" },
        "west":  { "uv": [ 0, 3.5, 0.5, 4 ], "texture": "#texture" },
        "east":  { "uv": [ 0.5, 3.5, 1, 4 ], "texture": "#texture" }
    }
},
{
    "from": [ 7, 5.25, 7 ],
    "to": [ 7.5, 5.75, 9 ],
    "faces": {
        "down":  { "uv": [ 0, 4, 0.5, 4.5 ], "texture": "#texture" },
        "north": { "uv": [ 0, 4, 0.5, 4.5 ], "texture": "#texture" },
        "south": { "uv": [ 0, 4, 0.5, 4.5 ], "texture": "#texture" },
        "west":  { "uv": [ 0, 4, 0.5, 4.5 ], "texture": "#texture" },
        "east":  { "uv": [ 0, 4, 0.5, 4.5 ], "texture": "#texture" }
    }
},
{
    "from": [ 7, 4.5, 7.5 ],
    "to": [ 12, 5, 8.5 ],
    "faces": {
        "down":  { "uv": [ 0, 5, 5, 5.5 ], "texture": "#texture" },
        "up":    { "uv": [ 0, 5, 5, 5.5 ], "texture": "#texture" },
        "north": { "uv": [ 5, 5, 0, 5.5 ], "texture": "#texture" },
        "south": { "uv": [ 0, 5, 5, 5.5 ], "texture": "#texture" },
        "east":  { "uv": [ 4.5, 5, 5, 5.5 ], "texture": "#texture" }
    }
},
{
    "from": [ 11.5, 5, 7 ],
    "to": [ 12, 7, 9 ],
    "faces": {
        "down":  { "uv": [ 4.5, 3, 5, 5 ], "texture": "#texture" },
        "up":    { "uv": [ 4.5, 3, 5, 5 ], "texture": "#texture" },
        "north": { "uv": [ 4.5, 3, 5, 5 ], "texture": "#texture" },
        "south": { "uv": [ 4.5, 3, 5, 5 ], "texture": "#texture" },
        "west":  { "uv": [ 4.5, 3, 5, 5 ], "texture": "#texture" }
    }
},
{
    "from": [ 12.5, 7.5, 7.75 ],
    "to": [ 13.5, 8, 8.25 ],
    "faces": {
        "up":    { "uv": [ 5.5, 2, 6.5, 2.5 ], "texture": "#texture" },
        "north": { "uv": [ 6.5, 2, 5.5, 2.5 ], "texture": "#texture" },
        "south": { "uv": [ 5.5, 2, 6.5, 2.5 ], "texture": "#texture" },
        "west":  { "uv": [ 5.5, 2, 6, 2.5 ], "texture": "#texture" },
        "east":  { "uv": [ 6, 2, 6.5, 2.5 ], "texture": "#texture" }
    }
},
{
    "from": [ 12, 5.25, 7.25 ],
    "to": [ 15, 6.75, 8.75 ],
    "faces": {
        "down":  { "uv": [ 5, 3.25, 8, 4.75 ], "texture": "#texture" },
        "up":    { "uv": [ 5, 3.25, 8, 4.75 ], "texture": "#texture" },
        "north": { "uv": [ 7, 3.25, 5, 4.75 ], "texture": "#texture" },
        "south": { "uv": [ 5, 4.75, 7, 3.25 ], "texture": "#texture" },
        "east":  { "uv": [ 9, 5.5, 8, 6.5 ], "texture": "#texture" }
    }
},
{
    "from": [ 12, 5, 7 ],
    "to": [ 13, 7, 9 ],
    "faces": {
        "down":  { "uv": [ 5, 3, 6, 5 ], "texture": "#texture" },
        "up":    { "uv": [ 5, 3, 6, 5 ], "texture": "#texture" },
        "north": { "uv": [ 6, 3, 5, 5 ], "texture": "#texture" },
        "south": { "uv": [ 5.5, 5, 6.5, 3 ], "texture": "#texture" },
        "east":  { "uv": [ 9, 5.5, 8, 6.5 ], "texture": "#texture" }
    }
},
{
    "from": [ 13, 5, 7.25 ],
    "to": [ 14, 7, 8.75 ],
    "faces": {
        "down":  { "uv": [ 6, 3.25, 7, 4.75 ], "texture": "#texture" },
        "up":    { "uv": [ 6, 3.25, 7, 4.75 ], "texture": "#texture" },
        "north": { "uv": [ 7, 3, 6, 5 ], "texture": "#texture" },
        "south": { "uv": [ 6, 5, 7, 3 ], "texture": "#texture" },
        "east":  { "uv": [ 9, 5.5, 8, 6.5 ], "texture": "#texture" }
    }
},
{
    "from": [ 13, 5.25, 7 ],
    "to": [ 14, 6.75, 9 ],
    "faces": {
        "down":  { "uv": [ 5.5, 3, 6.5, 5 ], "texture": "#texture" },
        "up":    { "uv": [ 5.5, 3, 6.5, 5 ], "texture": "#texture" },
        "north": { "uv": [ 6.5, 3.25, 5.5, 4.75 ], "texture": "#texture" },
        "south": { "uv": [ 5.5, 4.75, 6.5, 3.25 ], "texture": "#texture" },
        "east":  { "uv": [ 9, 5.5, 8, 6.5 ], "texture": "#texture" }
    }
},
{
    "from": [ 15, 5.5, 7.25 ],
    "to": [ 16, 6.5, 8.75 ],
    "faces": {
        "down":  { "uv": [ 6, 3.25, 7, 4.75 ], "texture": "#texture" },
        "up":    { "uv": [ 6, 3.25, 7, 4.75 ], "texture": "#texture" },
        "north": { "uv": [ 7, 3.5, 8, 4.5 ], "texture": "#texture" },
        "south": { "uv": [ 7, 4.5, 8, 3.5 ], "texture": "#texture" },
        "east":  { "uv": [ 8, 5.5, 9, 6.5 ], "texture": "#texture" }
    }
},
{
    "from": [ 15, 5.25, 7.5 ],
    "to": [ 16, 6.75, 8.5 ],
    "faces": {
        "down":  { "uv": [ 7, 3.5, 8, 4.5 ], "texture": "#texture" },
        "up":    { "uv": [ 7, 3.5, 8, 4.5 ], "texture": "#texture" },
        "north": { "uv": [ 6, 3.25, 7, 4.75 ], "texture": "#texture" },
        "south": { "uv": [ 6, 4.75, 7, 3.25 ], "texture": "#texture" },
        "east":  { "uv": [ 8, 5.5, 9, 6.5 ], "texture": "#texture" }
    }
},
{
    "from": [ 16, 5.5, 7.5 ],
    "to": [ 17, 6.5, 8.5 ],
    "faces": {
        "down":  { "uv": [ 8.5, 3.5, 9.5, 4.5 ], "texture": "#texture" },
        "up":    { "uv": [ 8.5, 3.5, 9.5, 4.5 ], "texture": "#texture" },
        "north": { "uv": [ 9.5, 3.5, 8.5, 4.5 ], "texture": "#texture" },
        "south": { "uv": [ 8.5, 3.5, 9.5, 4.5 ], "texture": "#texture" },
        "east":  { "uv": [ 9, 9, 10, 10 ], "texture": "#texture" }
    }
},
{
    "from": [ 14, 5.5, 7 ],
    "to": [ 14.5, 6.5, 9 ],
    "faces": {
        "down":  { "uv": [ 6.5, 3, 7, 5 ], "texture": "#texture" },
        "up":    { "uv": [ 6.5, 3, 7, 5 ], "texture": "#texture" },
        "north": { "uv": [ 7.5, 3.5, 7, 4.5 ], "texture": "#texture" },
        "south": { "uv": [ 7, 4.5, 7.5, 3.5 ], "texture": "#texture" },
        "east":  { "uv": [ 8, 5.5, 9, 6.5 ], "texture": "#texture" }
    }
},
{
    "from": [ 14, 5, 7.5 ],
    "to": [ 14.5, 7, 8.5 ],
    "faces": {
        "down":  { "uv": [ 7.5, 3.5, 8, 4.5 ], "texture": "#texture" },
        "up":    { "uv": [ 7.5, 3.5, 8, 4.5 ], "texture": "#texture" },
        "north": { "uv": [ 7, 3, 7.5, 5 ], "texture": "#texture" },
        "south": { "uv": [ 6.5, 5, 7, 3 ], "texture": "#texture" },
        "east":  { "uv": [ 8, 5.5, 9, 6.5 ], "texture": "#texture" }
    }
},
{
    "from": [ 3, 7.5, 7.5 ],
    "to": [ 4, 8, 8.5 ],
    "faces": {
        "north": { "uv": [ 2, 1.5, 1, 2 ], "texture": "#texture" },
        "south": { "uv": [ 1, 1.5, 2, 2 ], "texture": "#texture" },
        "west":  { "uv": [ 1, 1.5, 1.5, 2 ], "texture": "#texture" },
        "east":  { "uv": [ 1.5, 1.5, 2, 2 ], "texture": "#texture" }
    }
},
{
    "from": [ 6, 7.5, 7.5 ],
    "to": [ 7, 8, 8.5 ],
    "faces": {
        "north": { "uv": [ 5, 1.5, 4, 2 ], "texture": "#texture" },
        "south": { "uv": [ 4, 1.5, 5, 2 ], "texture": "#texture" },
        "west":  { "uv": [ 4, 1.5, 5, 2 ], "texture": "#texture" },
        "east":  { "uv": [ 4, 1.5, 5, 2 ], "texture": "#texture" }
    }
},
{
    "from": [ 4, 7.5, 7.75 ],
    "to": [ 6, 8, 8.25 ],
    "faces": {
        "north": { "uv": [ 4, 1.5, 2, 2 ], "texture": "#texture" },
        "south": { "uv": [ 2, 1.5, 4, 2 ], "texture": "#texture" }
    }
},
{
    "from": [ 2, 8, 7.5 ],
    "to": [ 6.5, 9, 8.5 ],
    "faces": {
        "down":  { "uv": [ 0, 1, 4.5, 1.5 ], "texture": "#texture" },
        "up":    { "uv": [ 0, 0.5, 4.5, 1 ], "texture": "#texture" },
        "north": { "uv": [ 4.5, 0.5, 0, 1.5 ], "texture": "#texture" },
        "south": { "uv": [ 0, 0.5, 4.5, 1.5 ], "texture": "#texture" },
        "west":  { "uv": [ 3.5, 6.5, 4.5, 7.5 ], "texture": "#texture" },
        "east":  { "uv": [ 3.5, 6.5, 4.5, 7.5 ], "texture": "#texture" }
    }
},
{
    "from": [ 7, 8.25, 7.5 ],
    "to": [ 8, 8.75, 8.5 ],
    "faces": {
        "down":  { "uv": [ 5, 0.5, 6, 1.5 ], "texture": "#texture" },
        "up":    { "uv": [ 5, 0.5, 6, 1.5 ], "texture": "#texture" },
        "north": { "uv": [ 5, 0.75, 6, 1.25 ], "texture": "#texture" },
        "south": { "uv": [ 5, 1.25, 6, 0.75 ], "texture": "#texture" },
        "east":  { "uv": [ 9, 5.5, 8, 6.5 ], "texture": "#texture" }
    }
},
{
    "from": [ 7, 8, 7.75 ],
    "to": [ 8, 9, 8.25 ],
    "faces": {
        "down":  { "uv": [ 5, 0.75, 6, 1.25 ], "texture": "#texture" },
        "up":    { "uv": [ 5, 0.75, 6, 1.25 ], "texture": "#texture" },
        "north": { "uv": [ 5, 0.5, 6, 1.5 ], "texture": "#texture" },
        "south": { "uv": [ 5, 1.5, 6, 0.5 ], "texture": "#texture" },
        "east":  { "uv": [ 9, 5.5, 8, 6.5 ], "texture": "#texture" }
    }
},
{
    "from": [ 8, 8.25, 7.75 ],
    "to": [ 8.5, 8.75, 8.25 ],
    "faces": {
        "down":  { "uv": [ 9, 4, 9.5, 4.5 ], "texture": "#texture" },
        "up":    { "uv": [ 9, 4, 9.5, 4.5 ], "texture": "#texture" },
        "north": { "uv": [ 9, 4, 9.5, 4.5 ], "texture": "#texture" },
        "south": { "uv": [ 9, 4, 9.5, 4.5 ], "texture": "#texture" },
        "east":  { "uv": [ 9, 4, 9.5, 4.5 ], "texture": "#texture" }
    }
},
{
    "from": [ 6.5, 9, 7.75 ],
    "to": [ 7, 9.5, 8.25 ],
    "faces": {
        "up":    { "uv": [ 4.5, 0, 5, 0.5 ], "texture": "#texture" },
        "north": { "uv": [ 4.5, 0, 5, 0.5 ], "texture": "#texture" },
        "south": { "uv": [ 4.5, 0, 5, 0.5 ], "texture": "#texture" },
        "west":  { "uv": [ 4.5, 0, 5, 0.5 ], "texture": "#texture" },
        "east":  { "uv": [ 4.5, 0, 5, 0.5 ], "texture": "#texture" }
    }
},
{
    "from": [ 2.5, 9, 7.75 ],
    "to": [ 3, 9.5, 8.25 ],
    "faces": {
        "up":    { "uv": [ 0.5, 0, 1, 0.5 ], "texture": "#texture" },
        "north": { "uv": [ 0.5, 0, 1, 0.5 ], "texture": "#texture" },
        "south": { "uv": [ 0.5, 0, 1, 0.5 ], "texture": "#texture" },
        "west":  { "uv": [ 0.5, 0, 1, 0.5 ], "texture": "#texture" },
        "east":  { "uv": [ 0.5, 0, 1, 0.5 ], "texture": "#texture" }
    }
},
{
    "from": [ 3.5, 9, 7.5 ],
    "to": [ 4.5, 9.5, 8.5 ],
    "faces": {
        "up":    { "uv": [ 1.5, 0, 2.5, 0.5 ], "texture": "#texture" },
        "north": { "uv": [ 2.5, 0, 1.5, 0.5 ], "texture": "#texture" },
        "south": { "uv": [ 1.5, 0, 2.5, 0.5 ], "texture": "#texture" },
        "west":  { "uv": [ 1.5, 0, 2, 0.5 ], "texture": "#texture" },
        "east":  { "uv": [ 2, 0, 2.5, 0.5 ], "texture": "#texture" }
    }
},
{
    "from": [ 5, 9, 7.5 ],
    "to": [ 6, 9.5, 8.5 ],
    "faces": {
        "up":    { "uv": [ 3, 0, 4, 0.5 ], "texture": "#texture" },
        "north": { "uv": [ 4, 0, 3, 0.5 ], "texture": "#texture" },
        "south": { "uv": [ 3, 0, 4, 0.5 ], "texture": "#texture" },
        "west":  { "uv": [ 3, 0, 4, 0.5 ], "texture": "#texture" },
        "east":  { "uv": [ 3, 0, 4, 0.5 ], "texture": "#texture" }
    }
},
{
    "from": [ 3, 8, 7.25 ],
    "to": [ 4, 9, 8.75 ],
    "faces": {
        "down":  { "uv": [ 1, 1, 2, 1.5 ], "texture": "#texture" },
        "up":    { "uv": [ 1, 0.5, 2, 1 ], "texture": "#texture" },
        "north": { "uv": [ 2, 0.5, 1, 1.5 ], "texture": "#texture" },
        "south": { "uv": [ 1, 0.5, 2, 1.5 ], "texture": "#texture" },
        "west":  { "uv": [ 1.5, 4.5, 3, 5.5 ], "texture": "#texture" },
        "east":  { "uv": [ 1.5, 0.5, 3, 1.5 ], "texture": "#texture" }
    }
},
{
    "from": [ 6, 8, 7.25 ],
    "to": [ 7, 9, 8.75 ],
    "faces": {
        "down":  { "uv": [ 4, 1, 5, 1.5 ], "texture": "#texture" },
        "up":    { "uv": [ 4, 0.5, 5, 1 ], "texture": "#texture" },
        "north": { "uv": [ 5, 0.5, 4, 1.5 ], "texture": "#texture" },
        "south": { "uv": [ 4, 0.5, 5, 1.5 ], "texture": "#texture" },
        "west":  { "uv": [ 2, 0.5, 3.5, 1.5 ], "texture": "#texture" },
        "east":  { "uv": [ 4.5, 0.5, 5, 1.5 ], "texture": "#texture" }
    }
},
{
    "from": [ 8, 5, 5.25 ],
    "to": [ 10, 6.5, 7.25 ],
    "faces": {
        "down":  { "uv": [ 5.5, 10, 7.5, 10.5 ], "texture": "#texture" },
        "up":    { "uv": [ 5.5, 9, 7.5, 9.5 ], "texture": "#texture" },
        "north": { "uv": [ 7.5, 9, 5.5, 10.5 ], "texture": "#texture" },
        "south": { "uv": [ 5.5, 9, 7.5, 10.5 ], "texture": "#texture" },
        "west":  { "uv": [ 7, 9, 7.5, 10.5 ], "texture": "#texture" },
        "east":  { "uv": [ 7, 9, 7.5, 10.5 ], "texture": "#texture" }
    }
},
{
    "from": [ 8, 4.5, 6.25 ],
    "to": [ 9.5, 5, 7.25 ],
    "faces": {
        "down":  { "uv": [ 3.5, 13, 5, 14 ], "texture": "#texture" },
        "north": { "uv": [ 3.5, 13, 5, 13.5 ], "texture": "#texture" },
        "south": { "uv": [ 3.5, 13, 5, 13.5 ], "texture": "#texture" },
        "west":  { "uv": [ 5.5, 10.5, 6.5, 11 ], "texture": "#texture" },
        "east":  { "uv": [ 5.5, 10.5, 6.5, 11 ], "texture": "#texture" }
    }
},
{
    "from": [ 9.75, 5, 5.5 ],
    "to": [ 10.25, 6.5, 7.5 ],
    "faces": {
        "down":  { "uv": [ 7, 10, 7.5, 10.5 ], "texture": "#texture" },
        "up":    { "uv": [ 7, 9, 7.5, 9.5 ], "texture": "#texture" },
        "north": { "uv": [ 7, 9, 7.5, 10.5 ], "texture": "#texture" },
        "west":  { "uv": [ 7, 9, 7.5, 10.5 ], "texture": "#texture" },
        "east":  { "uv": [ 7, 9, 7.5, 10.5 ], "texture": "#texture" }
    }
},
{
    "from": [ 7, 4.75, 7.25 ],
    "to": [ 8, 5.25, 8.75 ],
    "faces": {
        "down":  { "uv": [ 3.5, 13, 4.5, 14.5 ], "texture": "#texture" },
        "north": { "uv": [ 3.5, 13.5, 4.5, 14 ], "texture": "#texture" },
        "south": { "uv": [ 3.5, 13.5, 4.5, 14 ], "texture": "#texture" },
        "east":  { "uv": [ 3.5, 13.5, 5, 14 ], "texture": "#texture" }
    }
},
{
    "from": [ 7.75, 5, 5.5 ],
    "to": [ 8.25, 6.5, 7.5 ],
    "faces": {
        "down":  { "uv": [ 7, 10, 7.5, 10.5 ], "texture": "#texture" },
        "up":    { "uv": [ 5.5, 9, 6, 9.5 ], "texture": "#texture" },
        "north": { "uv": [ 7, 9, 7.5, 10.5 ], "texture": "#texture" },
        "west":  { "uv": [ 7, 9, 7.5, 10.5 ], "texture": "#texture" },
        "east":  { "uv": [ 7, 9, 7.5, 10.5 ], "texture": "#texture" }
    }
}
],
"display": {
    "thirdperson": {
        "rotation": [ 0, -90, 90 ],
        "translation": [ 0, 2.1, -3.7 ],
        "scale": [ 1, 1, 1 ]
    },
    "firstperson": {
        "rotation": [ 0, 50, 2 ],
        "translation": [ -9.1, 7.7, 0 ],
        "scale": [ 1.1, 1.1, 1.1 ]
    },
    "gui": {
        "rotation": [ -30, 135, 45 ],
        "translation": [ 1.1, 1.8, 0 ],
        "scale": [ 1.2, 1.2, 1.2 ]
    }
}
}