{
"__comment": "Designed by Hypixel minecraft server with BDcraft Cubik PRO 0.91 Beta - http://bdcraft.net",
"ambientocclusion": false,
"textures": {
    "iron_axe": "items/iron_axe"
},
"elements": [ 
{
    "from": [ 15, 9.5, 6.5 ],
    "to": [ 15.5, 11.5, 7.5 ],
    "faces": {
        "down":  { "uv": [ 16, 3, 15.5, 2.5 ], "rotation": 90, "texture": "#iron_axe" },
        "up":    { "uv": [ 15.5, 1, 16, 1.5 ], "rotation": 270, "texture": "#iron_axe" },
        "north": { "uv": [ 15.5, 1, 16, 3 ], "texture": "#iron_axe" },
        "south": { "uv": [ 15.5, 1, 16, 3 ], "texture": "#iron_axe" },
        "east":  { "uv": [ 9, 7, 10, 9 ], "texture": "#iron_axe" }
    }
},
{
    "from": [ 13, 11.5, 6.5 ],
    "to": [ 15, 12, 7.5 ],
    "faces": {
        "up":    { "uv": [ 13.5, 0.5, 14.5, 1 ], "rotation": 270, "texture": "#iron_axe" },
        "north": { "uv": [ 13.5, 0.5, 15.5, 1 ], "texture": "#iron_axe" },
        "south": { "uv": [ 13.5, 0.5, 15.5, 1 ], "texture": "#iron_axe" },
        "west":  { "uv": [ 13.5, 0.5, 14.5, 1 ], "texture": "#iron_axe" },
        "east":  { "uv": [ 14.5, 0.5, 15.5, 1 ], "texture": "#iron_axe" }
    }
},
{
    "from": [ 13.5, 12, 6.5 ],
    "to": [ 14.5, 12.5, 7.5 ],
    "faces": {
        "up":    { "uv": [ 14, 0, 15, 0.5 ], "texture": "#iron_axe" },
        "north": { "uv": [ 15, 0, 14, 0.5 ], "texture": "#iron_axe" },
        "south": { "uv": [ 14, 0, 15, 0.5 ], "texture": "#iron_axe" },
        "west":  { "uv": [ 14, 0, 14.5, 0.5 ], "texture": "#iron_axe" },
        "east":  { "uv": [ 14.5, 0, 15, 0.5 ], "texture": "#iron_axe" }
    }
},
{
    "from": [ -0.5, 9.5, 6.5 ],
    "to": [ 1.11022e-016, 11, 7.5 ],
    "faces": {
        "down":  { "uv": [ 14, 6.5, 13, 7 ], "rotation": 90, "texture": "#iron_axe" },
        "up":    { "uv": [ 0.5, 1, 1.5, 1.5 ], "rotation": 270, "texture": "#iron_axe" },
        "north": { "uv": [ 0, 1.5, 0.5, 3 ], "texture": "#iron_axe" },
        "south": { "uv": [ 0, 1.5, 0.5, 3 ], "texture": "#iron_axe" },
        "west":  { "uv": [ 13, 8, 14, 6.5 ], "texture": "#iron_axe" }
    }
},
{
    "from": [ 0, 9, 6.5 ],
    "to": [ 15, 11.5, 7.5 ],
    "faces": {
        "down":  { "uv": [ 4, 3.5, 3.5, 3 ], "rotation": 90, "texture": "#iron_axe" },
        "up":    { "uv": [ 15.5, 1, 0.5, 1.5 ], "rotation": 180, "texture": "#iron_axe" },
        "north": { "uv": [ 15.5, 1, 0.5, 3.5 ], "texture": "#iron_axe" },
        "south": { "uv": [ 0.5, 1, 15.5, 3.5 ], "texture": "#iron_axe" },
        "west":  { "uv": [ 15, 1, 15.5, 3.5 ], "texture": "#iron_axe" },
        "east":  { "uv": [ 0.5, 1, 1, 3.5 ], "texture": "#iron_axe" }
    }
},
{
    "from": [ 4, 8, 6 ],
    "to": [ 13.5, 8.5, 8 ],
    "faces": {
        "down":  { "uv": [ 14, 4.5, 4.5, 4 ], "rotation": 180, "texture": "#iron_axe" },
        "north": { "uv": [ 14, 4, 4.5, 4.5 ], "texture": "#iron_axe" },
        "south": { "uv": [ 4.5, 4, 14, 4.5 ], "texture": "#iron_axe" },
        "west":  { "uv": [ 12.5, 7.5, 14.5, 8 ], "texture": "#iron_axe" },
        "east":  { "uv": [ 12.5, 8.5, 14.5, 9 ], "texture": "#iron_axe" }
    }
},
{
    "from": [ 5.5, 8.5, 5.5 ],
    "to": [ 13.5, 10.5, 8.5 ],
    "faces": {
        "down":  { "uv": [ 14, 2.5, 6, 2 ], "rotation": 180, "texture": "#iron_axe" },
        "up":    { "uv": [ 6, 2, 14, 2.5 ], "texture": "#iron_axe" },
        "north": { "uv": [ 14, 2, 6, 4 ], "texture": "#iron_axe" },
        "south": { "uv": [ 6, 2, 14, 4 ], "texture": "#iron_axe" },
        "west":  { "uv": [ 6, 2, 6.5, 4 ], "texture": "#iron_axe" },
        "east":  { "uv": [ 13.5, 2, 14, 4 ], "texture": "#iron_axe" }
    }
},
{
    "from": [ 4, 8.5, 6 ],
    "to": [ 14, 11, 8 ],
    "faces": {
        "down":  { "uv": [ 14.5, 4, 4.5, 3.5 ], "rotation": 180, "texture": "#iron_axe" },
        "up":    { "uv": [ 4.5, 1.5, 14.5, 2 ], "texture": "#iron_axe" },
        "north": { "uv": [ 14.5, 1.5, 4.5, 4 ], "texture": "#iron_axe" },
        "south": { "uv": [ 4.5, 1.5, 14.5, 4 ], "texture": "#iron_axe" },
        "west":  { "uv": [ 4.5, 1.5, 5, 4 ], "texture": "#iron_axe" },
        "east":  { "uv": [ 14, 1.5, 14.5, 4 ], "texture": "#iron_axe" }
    }
},
{
    "from": [ 5, 8.5, 5.5 ],
    "to": [ 5.5, 10, 8.5 ],
    "faces": {
        "down":  { "uv": [ 6, 4.5, 5.5, 4 ], "rotation": 90, "texture": "#iron_axe" },
        "up":    { "uv": [ 5.5, 2.5, 6, 3 ], "rotation": 270, "texture": "#iron_axe" },
        "north": { "uv": [ 5.5, 2.5, 6, 4 ], "texture": "#iron_axe" },
        "south": { "uv": [ 5.5, 2.5, 6, 4 ], "texture": "#iron_axe" },
        "west":  { "uv": [ 5.5, 2.5, 6, 4 ], "texture": "#iron_axe" }
    }
},
{
    "from": [ 4.5, 8.5, 5.5 ],
    "to": [ 5, 9.5, 8.5 ],
    "faces": {
        "down":  { "uv": [ 5.5, 4, 5, 3.5 ], "rotation": 90, "texture": "#iron_axe" },
        "up":    { "uv": [ 5, 3, 5.5, 3.5 ], "rotation": 270, "texture": "#iron_axe" },
        "north": { "uv": [ 5, 3, 5.5, 4 ], "texture": "#iron_axe" },
        "south": { "uv": [ 5, 3, 5.5, 4 ], "texture": "#iron_axe" },
        "west":  { "uv": [ 5, 3, 5.5, 4 ], "texture": "#iron_axe" }
    }
},
{
    "from": [ 3.5, 7, 6.5 ],
    "to": [ 6, 9, 7.5 ],
    "faces": {
        "down":  { "uv": [ 11, 7, 8.5, 6.5 ], "rotation": 180, "texture": "#iron_axe" },
        "north": { "uv": [ 11, 5, 8.5, 7 ], "texture": "#iron_axe" },
        "south": { "uv": [ 8.5, 5, 11, 7 ], "texture": "#iron_axe" },
        "west":  { "uv": [ 8.5, 5, 9, 7 ], "texture": "#iron_axe" },
        "east":  { "uv": [ 10.5, 5, 11, 7 ], "texture": "#iron_axe" }
    }
},
{
    "from": [ 0.5, 8, 6.5 ],
    "to": [ 2.5, 9, 7.5 ],
    "faces": {
        "down":  { "uv": [ 7.5, 6, 5.5, 5.5 ], "rotation": 180, "texture": "#iron_axe" },
        "north": { "uv": [ 5.5, 5, 7.5, 6 ], "texture": "#iron_axe" },
        "south": { "uv": [ 5.5, 5, 7.5, 6 ], "texture": "#iron_axe" },
        "west":  { "uv": [ 5.5, 5, 6, 6 ], "texture": "#iron_axe" },
        "east":  { "uv": [ 7, 5, 7.5, 6 ], "texture": "#iron_axe" }
    }
},
{
    "from": [ 0, 6.5, 6.5 ],
    "to": [ 2, 8, 7.5 ],
    "faces": {
        "down":  { "uv": [ 7, 7.5, 5, 7 ], "rotation": 180, "texture": "#iron_axe" },
        "up":    { "uv": [ 5, 6, 7, 6.5 ], "texture": "#iron_axe" },
        "north": { "uv": [ 7, 6, 5, 7.5 ], "texture": "#iron_axe" },
        "south": { "uv": [ 5, 6, 7, 7.5 ], "texture": "#iron_axe" },
        "west":  { "uv": [ 5, 6, 5.5, 7.5 ], "texture": "#iron_axe" },
        "east":  { "uv": [ 6.5, 6, 7, 7.5 ], "texture": "#iron_axe" }
    }
},
{
    "from": [ 2, 7, 6.5 ],
    "to": [ 3.5, 7.5, 7.5 ],
    "faces": {
        "down":  { "uv": [ 8.5, 7, 7, 6.5 ], "rotation": 180, "texture": "#iron_axe" },
        "up":    { "uv": [ 7, 6.5, 8.5, 7 ], "texture": "#iron_axe" },
        "north": { "uv": [ 7, 6.5, 8.5, 7 ], "texture": "#iron_axe" },
        "south": { "uv": [ 7, 6.5, 8.5, 7 ], "texture": "#iron_axe" }
    }
},
{
    "from": [ -3.5, 6.5, 6.5 ],
    "to": [ 0, 7.5, 7.5 ],
    "faces": {
        "down":  { "uv": [ 5, 7, 1.5, 7.5 ], "rotation": 180, "texture": "#iron_axe" },
        "up":    { "uv": [ 1.5, 6.5, 5, 7 ], "texture": "#iron_axe" },
        "north": { "uv": [ 5, 6.5, 1.5, 7.5 ], "texture": "#iron_axe" },
        "south": { "uv": [ 1.5, 6.5, 5, 7.5 ], "texture": "#iron_axe" },
        "west":  { "uv": [ 1.5, 6.5, 2, 7.5 ], "texture": "#iron_axe" }
    }
},
{
    "from": [ -1, 5.5, 6.5 ],
    "to": [ 1.5, 6.5, 7.5 ],
    "faces": {
        "north": { "uv": [ 6.5, 7.5, 4, 8.5 ], "texture": "#iron_axe" },
        "south": { "uv": [ 4, 7.5, 6.5, 8.5 ], "texture": "#iron_axe" },
        "west":  { "uv": [ 4, 7.5, 4.5, 8.5 ], "texture": "#iron_axe" },
        "east":  { "uv": [ 6, 7.5, 6.5, 8.5 ], "texture": "#iron_axe" }
    }
},
{
    "from": [ -3.5, 4.5, 6.5 ],
    "to": [ 1.5, 5.5, 7.5 ],
    "faces": {
        "down":  { "uv": [ 6.5, 9.5, 1.5, 9 ], "rotation": 180, "texture": "#iron_axe" },
        "up":    { "uv": [ 1.5, 8.5, 6.5, 9 ], "texture": "#iron_axe" },
        "north": { "uv": [ 6.5, 8.5, 1.5, 9.5 ], "texture": "#iron_axe" },
        "south": { "uv": [ 1.5, 8.5, 6.5, 9.5 ], "texture": "#iron_axe" },
        "west":  { "uv": [ 1.5, 8.5, 2, 9.5 ], "texture": "#iron_axe" },
        "east":  { "uv": [ 6, 8.5, 6.5, 9.5 ], "texture": "#iron_axe" }
    }
},
{
    "from": [ -4, 5, 6.5 ],
    "to": [ -2.5, 7, 7.5 ],
    "faces": {
        "down":  { "uv": [ 1.5, 8.5, 1, 9 ], "rotation": 90, "texture": "#iron_axe" },
        "up":    { "uv": [ 1, 7, 1.5, 7.5 ], "rotation": 270, "texture": "#iron_axe" },
        "north": { "uv": [ 2.5, 7, 1, 9 ], "texture": "#iron_axe" },
        "south": { "uv": [ 1, 7, 2.5, 9 ], "texture": "#iron_axe" },
        "west":  { "uv": [ 1, 7, 1.5, 9 ], "texture": "#iron_axe" },
        "east":  { "uv": [ 2, 7, 2.5, 9 ], "texture": "#iron_axe" }
    }
},
{
    "from": [ 0, 9.5, 6 ],
    "to": [ 0.5, 11, 8 ],
    "faces": {
        "down":  { "uv": [ 1, 2.5, 0.5, 3 ], "rotation": 90, "texture": "#iron_axe" },
        "up":    { "uv": [ 0.5, 1.5, 1, 2 ], "rotation": 270, "texture": "#iron_axe" },
        "north": { "uv": [ 0.5, 1.5, 1, 3 ], "texture": "#iron_axe" },
        "south": { "uv": [ 0.5, 1.5, 1, 3 ], "texture": "#iron_axe" },
        "west":  { "uv": [ 12.5, 6.5, 14.5, 8 ], "texture": "#iron_axe" }
    }
},
{
    "from": [ 13.5, 10, 6 ],
    "to": [ 15.5, 11, 8 ],
    "faces": {
        "down":  { "uv": [ 16, 3, 14, 2.5 ], "rotation": 180, "texture": "#iron_axe" },
        "up":    { "uv": [ 14, 1.5, 16, 2 ], "texture": "#iron_axe" },
        "north": { "uv": [ 16, 1.5, 14, 2.5 ], "texture": "#iron_axe" },
        "south": { "uv": [ 14, 1.5, 16, 2.5 ], "texture": "#iron_axe" },
        "west":  { "uv": [ 8.5, 7.5, 10.5, 8.5 ], "texture": "#iron_axe" },
        "east":  { "uv": [ 8.5, 7.5, 10.5, 8.5 ], "texture": "#iron_axe" }
    }
},
{
    "from": [ 1.5, 4.5, 6.5 ],
    "to": [ 2, 5, 7.5 ],
    "faces": {
        "down":  { "uv": [ 7, 9, 6.5, 9.5 ], "rotation": 90, "texture": "#iron_axe" },
        "up":    { "uv": [ 6.5, 9, 7, 9.5 ], "rotation": 270, "texture": "#iron_axe" },
        "north": { "uv": [ 6.5, 9, 7, 9.5 ], "texture": "#iron_axe" },
        "south": { "uv": [ 6.5, 9, 7, 9.5 ], "texture": "#iron_axe" },
        "east":  { "uv": [ 6.5, 9, 7, 9.5 ], "texture": "#iron_axe" }
    }
},
{
    "from": [ 1, 8, 6.25 ],
    "to": [ 2, 8.5, 7.75 ],
    "faces": {
        "up":    { "uv": [ 6, 5.5, 7, 6 ], "texture": "#iron_axe" },
        "north": { "uv": [ 6, 5.5, 7, 6 ], "texture": "#iron_axe" },
        "south": { "uv": [ 6, 5.5, 7, 6 ], "texture": "#iron_axe" },
        "west":  { "uv": [ 5.5, 6, 6, 6.5 ], "texture": "#iron_axe" },
        "east":  { "uv": [ 6.5, 6, 7, 6.5 ], "texture": "#iron_axe" }
    }
},
{
    "from": [ 0.5, 7.5, 6.25 ],
    "to": [ 2, 8, 7.75 ],
    "faces": {
        "up":    { "uv": [ 5.5, 6, 7, 6.5 ], "rotation": 270, "texture": "#iron_axe" },
        "north": { "uv": [ 5.5, 6, 7, 6.5 ], "texture": "#iron_axe" },
        "south": { "uv": [ 5.5, 6, 7, 6.5 ], "texture": "#iron_axe" },
        "west":  { "uv": [ 5.5, 6, 6, 6.5 ], "texture": "#iron_axe" },
        "east":  { "uv": [ 6.5, 6, 7, 6.5 ], "texture": "#iron_axe" }
    }
},
{
    "from": [ -3, 7, 6.25 ],
    "to": [ 2, 7.5, 7.75 ],
    "faces": {
        "down":  { "uv": [ 7, 7, 2, 6.5 ], "rotation": 180, "texture": "#iron_axe" },
        "up":    { "uv": [ 2, 6.5, 7, 7 ], "texture": "#iron_axe" },
        "north": { "uv": [ 7, 6.5, 2, 7 ], "texture": "#iron_axe" },
        "south": { "uv": [ 2, 6.5, 7, 7 ], "texture": "#iron_axe" },
        "west":  { "uv": [ 2, 6.5, 2.5, 7 ], "texture": "#iron_axe" },
        "east":  { "uv": [ 6.5, 6.5, 7, 7 ], "texture": "#iron_axe" }
    }
},
{
    "from": [ -1, 6.5, 6.25 ],
    "to": [ 1.5, 7, 7.75 ],
    "faces": {
        "down":  { "uv": [ 6.5, 7.5, 4, 7 ], "rotation": 180, "texture": "#iron_axe" },
        "north": { "uv": [ 6.5, 7, 4, 7.5 ], "texture": "#iron_axe" },
        "south": { "uv": [ 4, 7, 6.5, 7.5 ], "texture": "#iron_axe" },
        "west":  { "uv": [ 4, 7, 4.5, 7.5 ], "texture": "#iron_axe" },
        "east":  { "uv": [ 6, 7, 6.5, 7.5 ], "texture": "#iron_axe" }
    }
},
{
    "from": [ -0.5, 6, 6.25 ],
    "to": [ 1, 6.5, 7.75 ],
    "faces": {
        "down":  { "uv": [ 6, 8, 4.5, 7.5 ], "rotation": 90, "texture": "#iron_axe" },
        "north": { "uv": [ 6, 7.5, 4.5, 8 ], "texture": "#iron_axe" },
        "south": { "uv": [ 4.5, 7.5, 6, 8 ], "texture": "#iron_axe" },
        "west":  { "uv": [ 4.5, 7.5, 5, 8 ], "texture": "#iron_axe" },
        "east":  { "uv": [ 5.5, 7.5, 6, 8 ], "texture": "#iron_axe" }
    }
},
{
    "from": [ -3.5, 5, 6.25 ],
    "to": [ 0, 5.5, 7.75 ],
    "faces": {
        "down":  { "uv": [ 5, 8.5, 1.5, 9 ], "rotation": 180, "texture": "#iron_axe" },
        "up":    { "uv": [ 1.5, 8.5, 5, 9 ], "texture": "#iron_axe" },
        "north": { "uv": [ 5, 8.5, 1.5, 9 ], "texture": "#iron_axe" },
        "south": { "uv": [ 1.5, 8.5, 5, 9 ], "texture": "#iron_axe" },
        "west":  { "uv": [ 1.5, 8.5, 2, 9 ], "texture": "#iron_axe" },
        "east":  { "uv": [ 4.5, 8.5, 5, 9 ], "texture": "#iron_axe" }
    }
},
{
    "from": [ -0.5, 5.5, 6.25 ],
    "to": [ 0.5, 6, 7.75 ],
    "faces": {
        "down":  { "uv": [ 5.5, 8.5, 4.5, 8 ], "rotation": 180, "texture": "#iron_axe" },
        "north": { "uv": [ 5.5, 8, 4.5, 8.5 ], "texture": "#iron_axe" },
        "south": { "uv": [ 4.5, 8, 5.5, 8.5 ], "texture": "#iron_axe" },
        "west":  { "uv": [ 4.5, 8, 5, 8.5 ], "texture": "#iron_axe" },
        "east":  { "uv": [ 5, 8, 5.5, 8.5 ], "texture": "#iron_axe" }
    }
},
{
    "from": [ -3.5, 5.5, 6.25 ],
    "to": [ -2.5, 7, 7.75 ],
    "faces": {
        "up":    { "uv": [ 1.5, 7, 2.5, 7.5 ], "rotation": 270, "texture": "#iron_axe" },
        "north": { "uv": [ 1.5, 7, 2.5, 8.5 ], "texture": "#iron_axe" },
        "south": { "uv": [ 1.5, 7, 2.5, 8.5 ], "texture": "#iron_axe" },
        "west":  { "uv": [ 1.5, 7, 2, 8.5 ], "texture": "#iron_axe" },
        "east":  { "uv": [ 2, 7, 2.5, 8.5 ], "texture": "#iron_axe" }
    }
},
{
    "from": [ 0.5, 9, 6 ],
    "to": [ 4, 11, 8 ],
    "faces": {
        "down":  { "uv": [ 4, 3.5, 3.5, 3 ], "rotation": 180, "texture": "#iron_axe" },
        "up":    { "uv": [ 1, 1.5, 4.5, 2 ], "texture": "#iron_axe" },
        "north": { "uv": [ 4.5, 1.5, 1, 3.5 ], "texture": "#iron_axe" },
        "south": { "uv": [ 1, 1.5, 4.5, 3.5 ], "texture": "#iron_axe" },
        "west":  { "uv": [ 1, 1.5, 1.5, 3.5 ], "texture": "#iron_axe" }
    }
}
],
"display": {
    "thirdperson": {
        "rotation": [ -180, 92, -40 ],
        "translation": [ -0.5, 3.3, -4 ],
        "scale": [ 1, 1, 1 ]
    },
    "fixed": {
        "rotation": [ 0, 0, 0 ],
        "translation": [ 0, 0, 0 ],
        "scale": [ 1, 1, 1 ]
    },
    "firstperson": {
        "rotation": [ 0, 50, 0 ],
        "translation": [ -2, 2.8, -4 ],
        "scale": [ 1.8, 1.8, 1.8 ]
    },
    "gui": {
        "rotation": [ -30, 135, 43 ],
        "translation": [ -1.8, 0.5, 0 ],
        "scale": [ 1.2, 1.2, 1.2 ]
    }
}
}