{
"__comment": "Designed by Hypixel minecraft server with BDcraft Cubik PRO 0.90 Beta - http://bdcraft.net",
"textures": {
    "texture": "items/iron_shovel"
},
"elements": [ 
{
    "from": [ 0.5, 0, 7.5 ],
    "to": [ 3, 2, 8.5 ],
    "faces": {
        "down":  { "uv": [ 0, 4, 2.5, 4.5 ], "texture": "#texture" },
        "up":    { "uv": [ 0, 2.5, 2.5, 3 ], "texture": "#texture" },
        "north": { "uv": [ 2.5, 2.5, 0, 4.5 ], "texture": "#texture" },
        "south": { "uv": [ 0, 2.5, 2.5, 4.5 ], "texture": "#texture" },
        "west":  { "uv": [ 0, 2.5, 0.5, 4.5 ], "texture": "#texture" },
        "east":  { "uv": [ 2, 2.5, 2.5, 4.5 ], "texture": "#texture" }
    }
},
{
    "from": [ 1, 2, 7.5 ],
    "to": [ 3.5, 3, 8.5 ],
    "faces": {
        "down":  { "uv": [ 0.5, 2, 3, 2.5 ], "texture": "#texture" },
        "up":    { "uv": [ 0.5, 1.5, 3, 2 ], "texture": "#texture" },
        "north": { "uv": [ 3, 1.5, 0.5, 2.5 ], "texture": "#texture" },
        "south": { "uv": [ 0.5, 1.5, 3, 2.5 ], "texture": "#texture" },
        "west":  { "uv": [ 0.5, 1.5, 1, 2.5 ], "texture": "#texture" },
        "east":  { "uv": [ 2.5, 1.5, 3, 2.5 ], "texture": "#texture" }
    }
},
{
    "from": [ 3, 0, 7.5 ],
    "to": [ 3.5, 0.5, 8.5 ],
    "faces": {
        "down":  { "uv": [ 2, 3.5, 2.5, 4.5 ], "texture": "#texture" },
        "up":    { "uv": [ 2, 3.5, 2.5, 4.5 ], "texture": "#texture" },
        "north": { "uv": [ 2.5, 4, 3, 4.5 ], "texture": "#texture" },
        "south": { "uv": [ 2.5, 4, 3, 4.5 ], "texture": "#texture" },
        "east":  { "uv": [ 2, 4, 3, 4.5 ], "texture": "#texture" }
    }
},
{
    "from": [ 1.5, 3, 7.5 ],
    "to": [ 3.5, 3.5, 8.5 ],
    "faces": {
        "up":    { "uv": [ 1, 1, 3, 1.5 ], "texture": "#texture" },
        "north": { "uv": [ 3, 1, 1, 1.5 ], "texture": "#texture" },
        "south": { "uv": [ 1, 1, 3, 1.5 ], "texture": "#texture" },
        "west":  { "uv": [ 1, 1, 1.5, 1.5 ], "texture": "#texture" },
        "east":  { "uv": [ 2.5, 1, 3, 1.5 ], "texture": "#texture" }
    }
},
{
    "from": [ 2, 3.5, 7.5 ],
    "to": [ 4, 4.5, 8.5 ],
    "faces": {
        "down":  { "uv": [ 1.5, 0.5, 3.5, 1 ], "texture": "#texture" },
        "north": { "uv": [ 3.5, 0, 1.5, 1 ], "texture": "#texture" },
        "south": { "uv": [ 1.5, 0, 3.5, 1 ], "texture": "#texture" },
        "west":  { "uv": [ 1.5, 0, 2.5, 1 ], "texture": "#texture" },
        "east":  { "uv": [ 2.5, 0, 3.5, 1 ], "texture": "#texture" }
    }
},
{
    "from": [ 3.5, 2.5, 7.75 ],
    "to": [ 5.5, 3, 8.25 ],
    "faces": {
        "down":  { "uv": [ 3, 1.5, 5, 2 ], "texture": "#texture" },
        "up":    { "uv": [ 3, 1.5, 5, 2 ], "texture": "#texture" },
        "north": { "uv": [ 3, 1.5, 5, 2 ], "texture": "#texture" },
        "south": { "uv": [ 3, 1.5, 5, 2 ], "texture": "#texture" },
        "east":  { "uv": [ 4.5, 1.5, 5, 2 ], "texture": "#texture" }
    }
},
{
    "from": [ 5, 3, 7.75 ],
    "to": [ 6, 4.5, 8.25 ],
    "faces": {
        "down":  { "uv": [ 4.5, 1, 5.5, 1.5 ], "texture": "#texture" },
        "north": { "uv": [ 5.5, 0, 4.5, 1.5 ], "texture": "#texture" },
        "south": { "uv": [ 4.5, 0, 5.5, 1.5 ], "texture": "#texture" },
        "west":  { "uv": [ 4.5, 0, 5, 1.5 ], "texture": "#texture" },
        "east":  { "uv": [ 5, 0, 5.5, 1.5 ], "texture": "#texture" }
    }
},
{
    "from": [ 6, 4, 7.75 ],
    "to": [ 7.5, 4.5, 8.25 ],
    "faces": {
        "down":  { "uv": [ 5.5, 0, 7, 0.5 ], "texture": "#texture" },
        "north": { "uv": [ 5.5, 0, 7, 0.5 ], "texture": "#texture" },
        "south": { "uv": [ 5.5, 0, 7, 0.5 ], "texture": "#texture" },
        "east":  { "uv": [ 6.5, 0, 7, 0.5 ], "texture": "#texture" }
    }
},
{
    "from": [ 1, 0.5, 7.25 ],
    "to": [ 2.5, 2, 8.75 ],
    "faces": {
        "down":  { "uv": [ 0.5, 2.5, 2, 4 ], "texture": "#texture" },
        "up":    { "uv": [ 0.5, 2.5, 2, 4 ], "texture": "#texture" },
        "north": { "uv": [ 2, 2.5, 0.5, 4 ], "texture": "#texture" },
        "south": { "uv": [ 0.5, 2.5, 2, 4 ], "texture": "#texture" },
        "west":  { "uv": [ 0.5, 2.5, 2, 4 ], "texture": "#texture" },
        "east":  { "uv": [ 0.5, 2.5, 2, 4 ], "texture": "#texture" }
    }
},
{
    "from": [ 1.5, 2, 7.25 ],
    "to": [ 3, 3.5, 8.75 ],
    "faces": {
        "down":  { "uv": [ 1, 1.5, 2.5, 3 ], "texture": "#texture" },
        "up":    { "uv": [ 1, 1, 2.5, 1.5 ], "texture": "#texture" },
        "north": { "uv": [ 2.5, 1, 1, 2.5 ], "texture": "#texture" },
        "south": { "uv": [ 1, 1, 2.5, 2.5 ], "texture": "#texture" },
        "west":  { "uv": [ 1, 1, 1.5, 2.5 ], "texture": "#texture" },
        "east":  { "uv": [ 2, 1, 2.5, 2.5 ], "texture": "#texture" }
    }
},
{
    "from": [ 2.5, 3.5, 7.25 ],
    "to": [ 3.5, 4.5, 8.75 ],
    "faces": {
        "down":  { "uv": [ 2, 0.5, 3, 1 ], "texture": "#texture" },
        "north": { "uv": [ 3, 0, 2, 1 ], "texture": "#texture" },
        "south": { "uv": [ 2, 0, 3, 1 ], "texture": "#texture" },
        "west":  { "uv": [ 2, 0, 2.5, 1 ], "texture": "#texture" },
        "east":  { "uv": [ 2.5, 0, 3, 1 ], "texture": "#texture" }
    }
},
{
    "from": [ 1, 5.5, 7 ],
    "to": [ 4.5, 7.5, 9 ],
    "faces": {
        "down":  { "uv": [ 12.5, 1.5, 16, 2 ], "texture": "#texture" },
        "up":    { "uv": [ 12.5, 0, 16, 0.5 ], "texture": "#texture" },
        "north": { "uv": [ 16, 0, 12.5, 2 ], "texture": "#texture" },
        "south": { "uv": [ 12.5, 0, 16, 2 ], "texture": "#texture" },
        "west":  { "uv": [ 12.5, 0, 13, 2 ], "texture": "#texture" }
    }
},
{
    "from": [ -1.5, 5, 7.5 ],
    "to": [ 1, 7, 8.5 ],
    "faces": {
        "down":  { "uv": [ 10, 2, 12.5, 2.5 ], "texture": "#texture" },
        "up":    { "uv": [ 10, 0.5, 12.5, 1 ], "texture": "#texture" },
        "north": { "uv": [ 12.5, 0.5, 10, 2.5 ], "texture": "#texture" },
        "south": { "uv": [ 10, 0.5, 12.5, 2.5 ], "texture": "#texture" },
        "west":  { "uv": [ 10, 0.5, 10.5, 2.5 ], "texture": "#texture" },
        "east":  { "uv": [ 12, 0.5, 12.5, 2.5 ], "texture": "#texture" }
    }
},
{
    "from": [ -1.5, 5.25, 7 ],
    "to": [ 1, 6.75, 9 ],
    "faces": {
        "down":  { "uv": [ 10, 2, 12.5, 2.5 ], "texture": "#texture" },
        "up":    { "uv": [ 10, 1, 12.5, 1.5 ], "texture": "#texture" },
        "north": { "uv": [ 12.5, 1, 10, 2.5 ], "texture": "#texture" },
        "south": { "uv": [ 10, 1, 12.5, 2.5 ], "texture": "#texture" },
        "west":  { "uv": [ 10, 1, 10.5, 2.5 ], "texture": "#texture" },
        "east":  { "uv": [ 12, 1, 12.5, 2.5 ], "texture": "#texture" }
    }
},
{
    "from": [ -3, 5.5, 7.5 ],
    "to": [ -1.5, 7.5, 8.5 ],
    "faces": {
        "down":  { "uv": [ 8.5, 1, 10, 2 ], "texture": "#texture" },
        "up":    { "uv": [ 8.5, 0, 10, 1 ], "texture": "#texture" },
        "north": { "uv": [ 8.5, 0, 10, 2 ], "texture": "#texture" },
        "south": { "uv": [ 8.5, 0, 10, 2 ], "texture": "#texture" },
        "west":  { "uv": [ 8.5, 0, 9.5, 2 ], "texture": "#texture" },
        "east":  { "uv": [ 9, 0, 10, 2 ], "texture": "#texture" }
    }
},
{
    "from": [ -3, 5.75, 7.25 ],
    "to": [ -1.5, 7.25, 8.75 ],
    "faces": {
        "down":  { "uv": [ 8.5, 0, 10, 1.5 ], "texture": "#texture" },
        "up":    { "uv": [ 8.5, 0, 10, 1.5 ], "texture": "#texture" },
        "north": { "uv": [ 8.5, 0, 10, 1.5 ], "texture": "#texture" },
        "south": { "uv": [ 8.5, 0, 10, 1.5 ], "texture": "#texture" },
        "west":  { "uv": [ 8.5, 0, 10, 1.5 ], "texture": "#texture" },
        "east":  { "uv": [ 8.5, 0, 10, 1.5 ], "texture": "#texture" }
    }
},
{
    "from": [ -1.5, 7, 7.75 ],
    "to": [ 1, 7.5, 8.25 ],
    "faces": {
        "up":    { "uv": [ 10.5, 0, 13, 0.5 ], "texture": "#texture" },
        "north": { "uv": [ 10.5, 0, 13, 0.5 ], "texture": "#texture" },
        "south": { "uv": [ 10.5, 0, 13, 0.5 ], "texture": "#texture" }
    }
},
{
    "from": [ 3, 6.5, 6.75 ],
    "to": [ 4.5, 7, 9.25 ],
    "faces": {
        "down":  { "uv": [ 14.5, 0.5, 16, 1 ], "texture": "#texture" },
        "up":    { "uv": [ 14.5, 0.5, 16, 1 ], "texture": "#texture" },
        "north": { "uv": [ 16, 0.5, 14.5, 1 ], "texture": "#texture" },
        "south": { "uv": [ 14.5, 0.5, 16, 1 ], "texture": "#texture" },
        "west":  { "uv": [ 14.5, 0.5, 15, 1 ], "texture": "#texture" },
        "east":  { "uv": [ 15.5, 0.5, 16, 1 ], "texture": "#texture" }
    }
},
{
    "from": [ 1, 5, 7.25 ],
    "to": [ 4.5, 5.5, 8.75 ],
    "faces": {
        "down":  { "uv": [ 12.5, 2, 16, 2.5 ], "texture": "#texture" },
        "north": { "uv": [ 16, 2, 12.5, 2.5 ], "texture": "#texture" },
        "south": { "uv": [ 12.5, 2, 16, 2.5 ], "texture": "#texture" },
        "west":  { "uv": [ 12.5, 2, 13, 2.5 ], "texture": "#texture" }
    }
},
{
    "from": [ 2, 4.5, 7.25 ],
    "to": [ 4.5, 5, 8.75 ],
    "faces": {
        "down":  { "uv": [ 13.5, 2.5, 16, 3 ], "texture": "#texture" },
        "north": { "uv": [ 16, 2.5, 13.5, 3 ], "texture": "#texture" },
        "south": { "uv": [ 13.5, 2.5, 16, 3 ], "texture": "#texture" },
        "west":  { "uv": [ 13.5, 2.5, 15, 3 ], "texture": "#texture" }
    }
},
{
    "from": [ 1, 4.5, 8.5 ],
    "to": [ 4.5, 5, 9 ],
    "faces": {
        "down":  { "uv": [ 12.5, 2.5, 16, 3 ], "texture": "#texture" },
        "up":    { "uv": [ 12.5, 2.5, 16, 3 ], "texture": "#texture" },
        "north": { "uv": [ 12.5, 2.5, 16, 3 ], "texture": "#texture" },
        "south": { "uv": [ 12.5, 2.5, 16, 3 ], "texture": "#texture" },
        "west":  { "uv": [ 12.5, 2.5, 13, 3 ], "texture": "#texture" }
    }
},
{
    "from": [ 1, 4.5, 7 ],
    "to": [ 4.5, 5, 7.5 ],
    "faces": {
        "down":  { "uv": [ 12.5, 2.5, 16, 3 ], "texture": "#texture" },
        "up":    { "uv": [ 12.5, 2.5, 16, 3 ], "texture": "#texture" },
        "north": { "uv": [ 12.5, 2.5, 16, 3 ], "texture": "#texture" },
        "south": { "uv": [ 12.5, 2.5, 16, 3 ], "texture": "#texture" },
        "west":  { "uv": [ 12.5, 2.5, 13, 3 ], "texture": "#texture" }
    }
},
{
    "from": [ 1.5, 7.5, 7.5 ],
    "to": [ 2.5, 8, 8.5 ],
    "faces": {
        "north": { "uv": [ 5.5, 4, 4.5, 4.5 ], "texture": "#texture" },
        "south": { "uv": [ 4.5, 4, 5.5, 4.5 ], "texture": "#texture" },
        "west":  { "uv": [ 4.5, 4, 5, 4.5 ], "texture": "#texture" },
        "east":  { "uv": [ 5, 4, 5.5, 4.5 ], "texture": "#texture" }
    }
},
{
    "from": [ 4.5, 7.5, 7.5 ],
    "to": [ 5.5, 8, 8.5 ],
    "faces": {
        "down":  { "uv": [ 8, 3, 9, 4 ], "texture": "#texture" },
        "north": { "uv": [ 8.5, 4, 7.5, 4.5 ], "texture": "#texture" },
        "south": { "uv": [ 7.5, 4, 8.5, 4.5 ], "texture": "#texture" },
        "west":  { "uv": [ 7.5, 4, 8.5, 4.5 ], "texture": "#texture" },
        "east":  { "uv": [ 7.5, 4, 8.5, 4.5 ], "texture": "#texture" }
    }
},
{
    "from": [ 2.5, 7.5, 7.75 ],
    "to": [ 4.5, 8, 8.25 ],
    "faces": {
        "up":    { "uv": [ 5.5, 4, 7.5, 4.5 ], "texture": "#texture" },
        "north": { "uv": [ 5.5, 4, 7.5, 4.5 ], "texture": "#texture" },
        "south": { "uv": [ 5.5, 4, 7.5, 4.5 ], "texture": "#texture" }
    }
},
{
    "from": [ 0, 8, 7.25 ],
    "to": [ 1, 9.5, 8.75 ],
    "faces": {
        "down":  { "uv": [ 3.5, 3.5, 4.5, 4 ], "texture": "#texture" },
        "up":    { "uv": [ 3.5, 2.5, 4.5, 3 ], "texture": "#texture" },
        "north": { "uv": [ 4.5, 2.5, 3.5, 4 ], "texture": "#texture" },
        "south": { "uv": [ 3.5, 2.5, 4.5, 4 ], "texture": "#texture" },
        "west":  { "uv": [ 11, 4, 12.5, 5.5 ], "texture": "#texture" },
        "east":  { "uv": [ 8, 12.5, 9.5, 14 ], "texture": "#texture" }
    }
},
{
    "from": [ 1.5, 8, 7.25 ],
    "to": [ 4, 9.5, 8.75 ],
    "faces": {
        "down":  { "uv": [ 5, 3.5, 7.5, 4 ], "texture": "#texture" },
        "up":    { "uv": [ 5, 2.5, 7.5, 3 ], "texture": "#texture" },
        "north": { "uv": [ 7.5, 2.5, 5, 4 ], "texture": "#texture" },
        "south": { "uv": [ 5, 2.5, 7.5, 4 ], "texture": "#texture" },
        "west":  { "uv": [ 5, 2.5, 5.5, 4 ], "texture": "#texture" },
        "east":  { "uv": [ 7, 2.5, 7.5, 4 ], "texture": "#texture" }
    }
},
{
    "from": [ 4.5, 8, 7.25 ],
    "to": [ 6.5, 9.5, 8.75 ],
    "faces": {
        "down":  { "uv": [ 8, 3.5, 10, 4 ], "texture": "#texture" },
        "up":    { "uv": [ 8, 2.5, 10, 3 ], "texture": "#texture" },
        "north": { "uv": [ 10, 2.5, 8, 4 ], "texture": "#texture" },
        "south": { "uv": [ 8, 2.5, 10, 4 ], "texture": "#texture" },
        "west":  { "uv": [ 8, 2.5, 8.5, 4 ], "texture": "#texture" },
        "east":  { "uv": [ 11, 4, 12.5, 5.5 ], "texture": "#texture" }
    }
},
{
    "from": [ 1, 8.25, 7.5 ],
    "to": [ 1.5, 9.25, 8.5 ],
    "faces": {
        "down":  { "uv": [ 6, 3.5, 6.5, 4.5 ], "texture": "#texture" },
        "up":    { "uv": [ 5, 2.5, 5.5, 3.5 ], "texture": "#texture" },
        "north": { "uv": [ 4.5, 2.5, 5, 3.5 ], "texture": "#texture" },
        "south": { "uv": [ 4.5, 2.5, 5, 3.5 ], "texture": "#texture" }
    }
},
{
    "from": [ 4, 8.25, 7.5 ],
    "to": [ 4.5, 9.25, 8.5 ],
    "faces": {
        "down":  { "uv": [ 7.5, 3, 8, 4 ], "texture": "#texture" },
        "up":    { "uv": [ 7.5, 3, 8, 4 ], "texture": "#texture" },
        "north": { "uv": [ 7.5, 2.5, 8, 3.5 ], "texture": "#texture" },
        "south": { "uv": [ 7.5, 2.5, 8, 3.5 ], "texture": "#texture" }
    }
},
{
    "from": [ 3, 9.5, 7.5 ],
    "to": [ 4, 10, 8.5 ],
    "faces": {
        "up":    { "uv": [ 6.5, 2, 7.5, 3 ], "texture": "#texture" },
        "north": { "uv": [ 7.5, 2, 6.5, 2.5 ], "texture": "#texture" },
        "south": { "uv": [ 6.5, 2, 7.5, 2.5 ], "texture": "#texture" },
        "west":  { "uv": [ 6.5, 2, 7, 2.5 ], "texture": "#texture" },
        "east":  { "uv": [ 7, 2, 7.5, 2.5 ], "texture": "#texture" }
    }
},
{
    "from": [ 4.5, 5.5, 7 ],
    "to": [ 5, 7.5, 9 ],
    "faces": {
        "down":  { "uv": [ 0, 14, 0.5, 14.5 ], "texture": "#texture" },
        "up":    { "uv": [ 0, 12.5, 0.5, 13 ], "texture": "#texture" },
        "north": { "uv": [ 0, 12.5, 0.5, 14.5 ], "texture": "#texture" },
        "south": { "uv": [ 0, 12.5, 0.5, 14.5 ], "texture": "#texture" },
        "east":  { "uv": [ 0, 12.5, 0.5, 14.5 ], "texture": "#texture" }
    }
},
{
    "from": [ 4.5, 5, 7.25 ],
    "to": [ 5, 5.5, 8.75 ],
    "faces": {
        "north": { "uv": [ 0, 14.5, 0.5, 15 ], "texture": "#texture" },
        "south": { "uv": [ 0, 14.5, 0.5, 15 ], "texture": "#texture" }
    }
},
{
    "from": [ 4.5, 4.5, 7 ],
    "to": [ 9, 5, 9 ],
    "faces": {
        "down":  { "uv": [ 0, 15, 4.5, 15.5 ], "texture": "#texture" },
        "up":    { "uv": [ 0, 15, 4.5, 15.5 ], "texture": "#texture" },
        "north": { "uv": [ 0, 15, 4.5, 15.5 ], "texture": "#texture" },
        "south": { "uv": [ 0, 15, 4.5, 15.5 ], "texture": "#texture" },
        "west":  { "uv": [ 0, 15, 2, 15.5 ], "texture": "#texture" }
    }
},
{
    "from": [ 5, 6.5, 7 ],
    "to": [ 12, 7, 9 ],
    "faces": {
        "down":  { "uv": [ 0.5, 13, 7.5, 13.5 ], "texture": "#texture" },
        "up":    { "uv": [ 0.5, 13, 7.5, 13.5 ], "texture": "#texture" },
        "north": { "uv": [ 7.5, 13, 0.5, 13.5 ], "texture": "#texture" },
        "south": { "uv": [ 0.5, 13, 7.5, 13.5 ], "texture": "#texture" },
        "east":  { "uv": [ 0.5, 13, 2.5, 13.5 ], "texture": "#texture" }
    }
},
{
    "from": [ 6, 6, 7.25 ],
    "to": [ 6.5, 6.5, 8.75 ],
    "faces": {
        "north": { "uv": [ 1.5, 13.5, 2, 14 ], "texture": "#texture" },
        "south": { "uv": [ 1.5, 13.5, 2, 14 ], "texture": "#texture" },
        "west":  { "uv": [ 1.5, 13.5, 2, 14 ], "texture": "#texture" },
        "east":  { "uv": [ 1.5, 13.5, 2, 14 ], "texture": "#texture" }
    }
},
{
    "from": [ 5, 7, 7.75 ],
    "to": [ 12.5, 7.5, 8.25 ],
    "faces": {
        "down":  { "uv": [ 0.5, 12.5, 8, 13 ], "texture": "#texture" },
        "up":    { "uv": [ 0.5, 12.5, 8, 13 ], "texture": "#texture" },
        "north": { "uv": [ 8, 12.5, 0.5, 13 ], "texture": "#texture" },
        "south": { "uv": [ 0.5, 12.5, 8, 13 ], "texture": "#texture" }
    }
},
{
    "from": [ 5, 5, 7.25 ],
    "to": [ 12, 5.5, 8.75 ],
    "faces": {
        "down":  { "uv": [ 0.5, 14.5, 7.5, 15 ], "texture": "#texture" },
        "north": { "uv": [ 7.5, 14.5, 0.5, 15 ], "texture": "#texture" },
        "south": { "uv": [ 0.5, 14.5, 7.5, 15 ], "texture": "#texture" }
    }
},
{
    "from": [ 5, 5.5, 7 ],
    "to": [ 12, 6, 9 ],
    "faces": {
        "down":  { "uv": [ 0.5, 14, 7.5, 14.5 ], "texture": "#texture" },
        "up":    { "uv": [ 0.5, 14, 7.5, 14.5 ], "texture": "#texture" },
        "north": { "uv": [ 7.5, 14, 0.5, 14.5 ], "texture": "#texture" },
        "south": { "uv": [ 0.5, 14, 7.5, 14.5 ], "texture": "#texture" },
        "east":  { "uv": [ 7, 14, 7.5, 14.5 ], "texture": "#texture" }
    }
},
{
    "from": [ 12, 5, 7.25 ],
    "to": [ 12.5, 7, 8.75 ],
    "faces": {
        "down":  { "uv": [ 7.5, 13, 8, 14.5 ], "texture": "#texture" },
        "up":    { "uv": [ 7.5, 13, 8, 14.5 ], "texture": "#texture" },
        "north": { "uv": [ 7.5, 13, 8, 15 ], "texture": "#texture" },
        "south": { "uv": [ 7.5, 13, 8, 15 ], "texture": "#texture" },
        "west":  { "uv": [ 7.5, 13, 8, 15 ], "texture": "#texture" },
        "east":  { "uv": [ 7.5, 13, 8, 15 ], "texture": "#texture" }
    }
},
{
    "from": [ 12.5, 5.5, 7 ],
    "to": [ 14.5, 7, 9 ],
    "faces": {
        "down":  { "uv": [ 8, 14, 10, 14.5 ], "texture": "#texture" },
        "up":    { "uv": [ 8, 13, 10, 13.5 ], "texture": "#texture" },
        "north": { "uv": [ 10, 13, 8, 14.5 ], "texture": "#texture" },
        "south": { "uv": [ 8, 13, 10, 14.5 ], "texture": "#texture" },
        "west":  { "uv": [ 11, 10, 13, 11.5 ], "texture": "#texture" },
        "east":  { "uv": [ 11, 10, 13, 11.5 ], "texture": "#texture" }
    }
},
{
    "from": [ 12.5, 5, 7.25 ],
    "to": [ 14.5, 5.5, 8.75 ],
    "faces": {
        "down":  { "uv": [ 11, 13.5, 13, 15 ], "texture": "#texture" },
        "north": { "uv": [ 8, 14.5, 10, 15 ], "texture": "#texture" },
        "south": { "uv": [ 8, 14.5, 10, 15 ], "texture": "#texture" },
        "east":  { "uv": [ 8, 14.5, 9.5, 15 ], "texture": "#texture" }
    }
},
{
    "from": [ 12.5, 4.5, 7.5 ],
    "to": [ 14.5, 5, 8.5 ],
    "faces": {
        "down":  { "uv": [ 8, 14.5, 10, 15.5 ], "texture": "#texture" },
        "north": { "uv": [ 8, 15, 10, 15.5 ], "texture": "#texture" },
        "south": { "uv": [ 8, 15, 10, 15.5 ], "texture": "#texture" },
        "west":  { "uv": [ 9, 15, 10, 15.5 ], "texture": "#texture" },
        "east":  { "uv": [ 9, 15, 10, 15.5 ], "texture": "#texture" }
    }
},
{
    "from": [ 9, 4.5, 6.75 ],
    "to": [ 9.5, 5, 9.25 ],
    "faces": {
        "down":  { "uv": [ 5, 15, 5.5, 15.5 ], "texture": "#texture" },
        "up":    { "uv": [ 5, 15, 5.5, 15.5 ], "texture": "#texture" },
        "north": { "uv": [ 5, 15, 5.5, 15.5 ], "texture": "#texture" },
        "south": { "uv": [ 5, 15, 5.5, 15.5 ], "texture": "#texture" },
        "west":  { "uv": [ 5, 15, 5.5, 15.5 ], "texture": "#texture" },
        "east":  { "uv": [ 5, 15, 5.5, 15.5 ], "texture": "#texture" }
    }
},
{
    "from": [ 11, 4, 7 ],
    "to": [ 14, 4.5, 9 ],
    "faces": {
        "down":  { "uv": [ 6.5, 15.5, 9.5, 16 ], "texture": "#texture" },
        "up":    { "uv": [ 6.5, 15.5, 9.5, 16 ], "texture": "#texture" },
        "north": { "uv": [ 6.5, 15.5, 9.5, 16 ], "texture": "#texture" },
        "south": { "uv": [ 6.5, 15.5, 9.5, 16 ], "texture": "#texture" },
        "west":  { "uv": [ 6.5, 15.5, 8.5, 16 ], "texture": "#texture" },
        "east":  { "uv": [ 6.5, 15.5, 8.5, 16 ], "texture": "#texture" }
    }
},
{
    "from": [ 10, 4, 7 ],
    "to": [ 11, 4.5, 7.5 ],
    "faces": {
        "down":  { "uv": [ 5.5, 15.5, 6.5, 16 ], "texture": "#texture" },
        "up":    { "uv": [ 5.5, 15.5, 6.5, 16 ], "texture": "#texture" },
        "north": { "uv": [ 5.5, 15.5, 6.5, 16 ], "texture": "#texture" },
        "south": { "uv": [ 5.5, 15.5, 6.5, 16 ], "texture": "#texture" },
        "west":  { "uv": [ 5.5, 15.5, 6, 16 ], "texture": "#texture" }
    }
},
{
    "from": [ 10, 4, 8.5 ],
    "to": [ 11, 4.5, 9 ],
    "faces": {
        "down":  { "uv": [ 5.5, 15.5, 6.5, 16 ], "texture": "#texture" },
        "up":    { "uv": [ 5.5, 15.5, 6.5, 16 ], "texture": "#texture" },
        "north": { "uv": [ 5.5, 15.5, 6.5, 16 ], "texture": "#texture" },
        "south": { "uv": [ 5.5, 15.5, 6.5, 16 ], "texture": "#texture" },
        "west":  { "uv": [ 5.5, 15.5, 6, 16 ], "texture": "#texture" }
    }
},
{
    "from": [ 11, 3.75, 7.25 ],
    "to": [ 13.5, 4.25, 8.75 ],
    "faces": {
        "down":  { "uv": [ 6.5, 15.5, 9, 16 ], "texture": "#texture" },
        "up":    { "uv": [ 6.5, 15.5, 9, 16 ], "texture": "#texture" },
        "north": { "uv": [ 6.5, 15.5, 9, 16 ], "texture": "#texture" },
        "south": { "uv": [ 6.5, 15.5, 9, 16 ], "texture": "#texture" },
        "west":  { "uv": [ 7, 15.5, 8.5, 16 ], "texture": "#texture" },
        "east":  { "uv": [ 7, 15.5, 8.5, 16 ], "texture": "#texture" }
    }
},
{
    "from": [ 13.5, 3.5, 7.5 ],
    "to": [ 14, 4, 8.5 ],
    "faces": {
        "down":  { "uv": [ 6.5, 15.5, 7, 16 ], "texture": "#texture" },
        "north": { "uv": [ 8, 15.5, 8.5, 16 ], "texture": "#texture" },
        "south": { "uv": [ 8, 15.5, 8.5, 16 ], "texture": "#texture" },
        "west":  { "uv": [ 6, 15.5, 7, 16 ], "texture": "#texture" },
        "east":  { "uv": [ 6, 15.5, 7, 16 ], "texture": "#texture" }
    }
},
{
    "from": [ 13.75, 4, 7.5 ],
    "to": [ 14.25, 4.5, 8.5 ],
    "faces": {
        "down":  { "uv": [ 15.5, 0.5, 16, 1.5 ], "texture": "#texture" },
        "north": { "uv": [ 2, 12.5, 2.5, 13 ], "texture": "#texture" },
        "south": { "uv": [ 2.5, 12.5, 3, 13 ], "texture": "#texture" },
        "west":  { "uv": [ 2, 12.5, 3, 13 ], "texture": "#texture" },
        "east":  { "uv": [ 2, 12.5, 3, 13 ], "texture": "#texture" }
    }
},
{
    "from": [ 14.5, 5, 7.5 ],
    "to": [ 15, 5.5, 8.5 ],
    "faces": {
        "down":  { "uv": [ 9.5, 13.5, 10, 14.5 ], "texture": "#texture" },
        "up":    { "uv": [ 9.5, 13.5, 10, 14.5 ], "texture": "#texture" },
        "north": { "uv": [ 10, 14.5, 10.5, 15 ], "texture": "#texture" },
        "south": { "uv": [ 10, 14.5, 10.5, 15 ], "texture": "#texture" },
        "east":  { "uv": [ 9, 14, 10, 14.5 ], "texture": "#texture" }
    }
},
{
    "from": [ 14.5, 6.5, 7.5 ],
    "to": [ 15, 7, 8.5 ],
    "faces": {
        "down":  { "uv": [ 6, 13, 6.5, 14 ], "texture": "#texture" },
        "up":    { "uv": [ 6, 13, 6.5, 14 ], "texture": "#texture" },
        "north": { "uv": [ 10, 13, 10.5, 13.5 ], "texture": "#texture" },
        "south": { "uv": [ 10, 13, 10.5, 13.5 ], "texture": "#texture" },
        "east":  { "uv": [ 9.5, 13, 10.5, 13.5 ], "texture": "#texture" }
    }
},
{
    "from": [ 14.5, 5.5, 8.5 ],
    "to": [ 15, 6.5, 9 ],
    "faces": {
        "down":  { "uv": [ 10, 14, 10.5, 14.5 ], "texture": "#texture" },
        "up":    { "uv": [ 10, 13.5, 10.5, 14 ], "texture": "#texture" },
        "north": { "uv": [ 10, 13.5, 10.5, 14.5 ], "texture": "#texture" },
        "south": { "uv": [ 10, 13.5, 10.5, 14.5 ], "texture": "#texture" },
        "east":  { "uv": [ 10, 13.5, 10.5, 14.5 ], "texture": "#texture" }
    }
},
{
    "from": [ 12.5, 7, 7.5 ],
    "to": [ 14.5, 7.5, 8.5 ],
    "faces": {
        "up":    { "uv": [ 8, 12.5, 10, 13 ], "texture": "#texture" },
        "north": { "uv": [ 10, 12.5, 8, 13 ], "texture": "#texture" },
        "south": { "uv": [ 8, 12.5, 10, 13 ], "texture": "#texture" },
        "west":  { "uv": [ 7.5, 12.5, 8.5, 13 ], "texture": "#texture" },
        "east":  { "uv": [ 7.5, 12.5, 8.5, 13 ], "texture": "#texture" }
    }
},
{
    "from": [ 13.5, 7.5, 7.25 ],
    "to": [ 14.5, 8, 7.75 ],
    "faces": {
        "down":  { "uv": [ 9, 12, 10, 12.5 ], "texture": "#texture" },
        "up":    { "uv": [ 9, 12, 10, 12.5 ], "texture": "#texture" },
        "north": { "uv": [ 10, 12, 9, 12.5 ], "texture": "#texture" },
        "south": { "uv": [ 9, 12, 10, 12.5 ], "texture": "#texture" },
        "west":  { "uv": [ 9, 12, 9.5, 12.5 ], "texture": "#texture" },
        "east":  { "uv": [ 9.5, 12, 10, 12.5 ], "texture": "#texture" }
    }
},
{
    "from": [ 13.5, 7.5, 8.25 ],
    "to": [ 14.5, 8, 8.75 ],
    "faces": {
        "down":  { "uv": [ 9, 12, 10, 12.5 ], "texture": "#texture" },
        "up":    { "uv": [ 9, 12, 10, 12.5 ], "texture": "#texture" },
        "north": { "uv": [ 10, 12, 9, 12.5 ], "texture": "#texture" },
        "south": { "uv": [ 9, 12, 10, 12.5 ], "texture": "#texture" },
        "west":  { "uv": [ 9, 12, 9.5, 12.5 ], "texture": "#texture" },
        "east":  { "uv": [ 9.5, 12, 10, 12.5 ], "texture": "#texture" }
    }
},
{
    "from": [ 13.5, 7, 7.25 ],
    "to": [ 14, 7.5, 8.75 ],
    "faces": {
        "up":    { "uv": [ 8, 2.5, 8.5, 4 ], "texture": "#texture" },
        "north": { "uv": [ 9, 12.5, 9.5, 13 ], "texture": "#texture" },
        "south": { "uv": [ 9, 12.5, 9.5, 13 ], "texture": "#texture" },
        "west":  { "uv": [ 8, 12.5, 9.5, 13 ], "texture": "#texture" },
        "east":  { "uv": [ 8, 12.5, 9.5, 13 ], "texture": "#texture" }
    }
},
{
    "from": [ 14.25, 7, 7.5 ],
    "to": [ 14.75, 7.5, 8.5 ],
    "faces": {
        "down":  { "uv": [ 9, 12, 9.5, 13 ], "texture": "#texture" },
        "up":    { "uv": [ 9, 12, 9.5, 13 ], "texture": "#texture" },
        "north": { "uv": [ 9.5, 12.5, 10, 13 ], "texture": "#texture" },
        "south": { "uv": [ 9.5, 12.5, 10, 13 ], "texture": "#texture" },
        "west":  { "uv": [ 9, 12.5, 10, 13 ], "texture": "#texture" },
        "east":  { "uv": [ 9, 12.5, 10, 13 ], "texture": "#texture" }
    }
},
{
    "from": [ 7.5, 6, 7.25 ],
    "to": [ 8, 6.5, 8.75 ],
    "faces": {
        "north": { "uv": [ 1.5, 13.5, 2, 14 ], "texture": "#texture" },
        "south": { "uv": [ 1.5, 13.5, 2, 14 ], "texture": "#texture" },
        "west":  { "uv": [ 1.5, 13.5, 2, 14 ], "texture": "#texture" },
        "east":  { "uv": [ 1.5, 13.5, 2, 14 ], "texture": "#texture" }
    }
},
{
    "from": [ 9, 6, 7.25 ],
    "to": [ 9.5, 6.5, 8.75 ],
    "faces": {
        "north": { "uv": [ 1.5, 13.5, 2, 14 ], "texture": "#texture" },
        "south": { "uv": [ 1.5, 13.5, 2, 14 ], "texture": "#texture" },
        "west":  { "uv": [ 1.5, 13.5, 2, 14 ], "texture": "#texture" },
        "east":  { "uv": [ 1.5, 13.5, 2, 14 ], "texture": "#texture" }
    }
},
{
    "from": [ 10.5, 6, 7.25 ],
    "to": [ 11, 6.5, 8.75 ],
    "faces": {
        "north": { "uv": [ 1.5, 13.5, 2, 14 ], "texture": "#texture" },
        "south": { "uv": [ 1.5, 13.5, 2, 14 ], "texture": "#texture" },
        "west":  { "uv": [ 1.5, 13.5, 2, 14 ], "texture": "#texture" },
        "east":  { "uv": [ 1.5, 13.5, 2, 14 ], "texture": "#texture" }
    }
},
{
    "from": [ 5, 6, 7.75 ],
    "to": [ 12, 6.5, 8.25 ],
    "faces": {
        "north": { "uv": [ 7.5, 13.5, 0.5, 14 ], "texture": "#texture" },
        "south": { "uv": [ 0.5, 13.5, 7.5, 14 ], "texture": "#texture" }
    }
},
{
    "from": [ 14.5, 5.5, 7 ],
    "to": [ 15, 6.5, 7.5 ],
    "faces": {
        "down":  { "uv": [ 10, 14, 10.5, 14.5 ], "texture": "#texture" },
        "up":    { "uv": [ 10, 13.5, 10.5, 14 ], "texture": "#texture" },
        "north": { "uv": [ 10, 13.5, 10.5, 14.5 ], "texture": "#texture" },
        "south": { "uv": [ 10, 13.5, 10.5, 14.5 ], "texture": "#texture" },
        "east":  { "uv": [ 10, 13.5, 10.5, 14.5 ], "texture": "#texture" }
    }
},
{
    "from": [ 2, 5.5, 5.5 ],
    "to": [ 4.5, 6.5, 7 ],
    "faces": {
        "down":  { "uv": [ 9.5, 0.5, 12, 2 ], "texture": "#texture" },
        "up":    { "uv": [ 13, 10, 15.5, 11.5 ], "texture": "#texture" },
        "north": { "uv": [ 15.5, 10, 13, 11 ], "texture": "#texture" },
        "west":  { "uv": [ 14, 10, 15.5, 11 ], "texture": "#texture" },
        "east":  { "uv": [ 14, 10, 15.5, 11 ], "texture": "#texture" }
    }
},
{
    "from": [ 2, 5.25, 5 ],
    "to": [ 4, 6.25, 5.5 ],
    "faces": {
        "down":  { "uv": [ 16, 10.5, 14, 11 ], "texture": "#texture" },
        "up":    { "uv": [ 16, 10, 14, 10.5 ], "texture": "#texture" },
        "north": { "uv": [ 14, 10, 16, 11 ], "texture": "#texture" },
        "south": { "uv": [ 14, 10, 16, 11 ], "texture": "#texture" },
        "west":  { "uv": [ 15.5, 10, 16, 11 ], "texture": "#texture" },
        "east":  { "uv": [ 14, 10, 14.5, 11 ], "texture": "#texture" }
    }
},
{
    "from": [ 2, 5, 5.5 ],
    "to": [ 4, 5.5, 7.5 ],
    "faces": {
        "down":  { "uv": [ 11, 13, 13, 15 ], "texture": "#texture" },
        "up":    { "uv": [ 11, 13, 13, 15 ], "texture": "#texture" },
        "north": { "uv": [ 13, 11.5, 15, 12 ], "texture": "#texture" },
        "south": { "uv": [ 13, 11.5, 15, 12 ], "texture": "#texture" },
        "west":  { "uv": [ 13, 11.5, 15, 12 ], "texture": "#texture" },
        "east":  { "uv": [ 13, 11.5, 15, 12 ], "texture": "#texture" }
    }
}
],
"display": {
    "thirdperson": {
        "rotation": [ 0, -90, 90 ],
        "translation": [ 0, 3.4, -3.4 ],
        "scale": [ 1, 1, 1 ]
    },
    "firstperson": {
        "rotation": [ 0, 45, 0 ],
        "translation": [ -8.8, 7.9, -0.8 ],
        "scale": [ 1, 1, 1 ]
    },
    "gui": {
        "rotation": [ -150, -45, -135 ],
        "translation": [ 0.1, 1.8, 0 ],
        "scale": [ 1.35, 1.35, 1.35 ]
    }
}
}