{
"__comment": "Designed by Hypixel minecraft server with BDcraft Cubik PRO 0.92 Beta - http://bdcraft.net",
"textures": {
    "texture": "items/diamond_pickaxe",
    "Rocket Flame": "items/flame_blue"
},
"elements": [ 
{
    "from": [ 3, 7, 7.5 ],
    "to": [ 6.5, 9, 8.5 ],
    "faces": {
        "down":  { "uv": [ 2, 2, 5.5, 2.5 ], "texture": "#texture" },
        "up":    { "uv": [ 2, 0.5, 5.5, 1 ], "texture": "#texture" },
        "north": { "uv": [ 5.5, 0.5, 2, 2.5 ], "texture": "#texture" },
        "south": { "uv": [ 2, 0.5, 5.5, 2.5 ], "texture": "#texture" },
        "west":  { "uv": [ 2, 0.5, 2.5, 2.5 ], "texture": "#texture" },
        "east":  { "uv": [ 5, 0.5, 5.5, 2.5 ], "texture": "#texture" }
    }
},
{
    "from": [ 3, 7.5, 7 ],
    "to": [ 5, 8.5, 9 ],
    "faces": {
        "down":  { "uv": [ 2, 0.5, 4, 2.5 ], "texture": "#texture" },
        "up":    { "uv": [ 2, 0.5, 4, 2.5 ], "texture": "#texture" },
        "north": { "uv": [ 4, 1, 2, 2 ], "texture": "#texture" },
        "south": { "uv": [ 2, 1, 4, 2 ], "texture": "#texture" },
        "west":  { "uv": [ 2, 1, 2.5, 2 ], "texture": "#texture" },
        "east":  { "uv": [ 3, 0.5, 3.5, 1.5 ], "texture": "#texture" }
    }
},
{
    "from": [ 5, 7.5, 7.25 ],
    "to": [ 6, 8.5, 8.75 ],
    "faces": {
        "down":  { "uv": [ 4, 1.5, 5, 2 ], "texture": "#texture" },
        "up":    { "uv": [ 4, 1, 5, 1.5 ], "texture": "#texture" },
        "north": { "uv": [ 5, 1, 4, 2 ], "texture": "#texture" },
        "south": { "uv": [ 4, 1, 5, 2 ], "texture": "#texture" }
    }
},
{
    "from": [ 6, 7.5, 7 ],
    "to": [ 6.5, 8.5, 9 ],
    "faces": {
        "down":  { "uv": [ 3.5, 0.5, 4, 2.5 ], "texture": "#texture" },
        "up":    { "uv": [ 3.5, 0.5, 4, 2.5 ], "texture": "#texture" },
        "north": { "uv": [ 5, 1, 5.5, 2 ], "texture": "#texture" },
        "south": { "uv": [ 5, 1, 5.5, 2 ], "texture": "#texture" },
        "west":  { "uv": [ 6, 1, 8, 2 ], "texture": "#texture" },
        "east":  { "uv": [ 6, 1, 8, 2 ], "texture": "#texture" }
    }
},
{
    "from": [ 6.5, 7.25, 7.25 ],
    "to": [ 7, 8.75, 8.75 ],
    "faces": {
        "down":  { "uv": [ 5.5, 1, 6, 2 ], "texture": "#texture" },
        "up":    { "uv": [ 5.5, 1, 6, 2 ], "texture": "#texture" },
        "north": { "uv": [ 5.5, 1, 6, 2 ], "texture": "#texture" },
        "south": { "uv": [ 5.5, 1, 6, 2 ], "texture": "#texture" },
        "west":  { "uv": [ 5.5, 1, 6, 1.5 ], "texture": "#texture" },
        "east":  { "uv": [ 5.5, 1, 6, 1.5 ], "texture": "#texture" }
    }
},
{
    "from": [ 7, 7.5, 7.5 ],
    "to": [ 9, 8.5, 8.5 ],
    "faces": {
        "down":  { "uv": [ 6, 1, 8, 2 ], "texture": "#texture" },
        "up":    { "uv": [ 6, 1, 8, 2 ], "texture": "#texture" },
        "north": { "uv": [ 6, 1, 8, 2 ], "texture": "#texture" },
        "south": { "uv": [ 6, 1, 8, 2 ], "texture": "#texture" },
        "east":  { "uv": [ 6, 1, 7, 2 ], "texture": "#texture" }
    }
},
{
    "from": [ 9, 7.75, 7.5 ],
    "to": [ 10, 8.25, 8.5 ],
    "faces": {
        "down":  { "uv": [ 7.5, 1, 8.5, 1.5 ], "texture": "#texture" },
        "up":    { "uv": [ 7.5, 1, 8.5, 1.5 ], "texture": "#texture" },
        "north": { "uv": [ 8.5, 1, 7.5, 1.5 ], "texture": "#texture" },
        "south": { "uv": [ 7.5, 1, 8.5, 1.5 ], "texture": "#texture" },
        "east":  { "uv": [ 8, 1, 9, 1.5 ], "texture": "#texture" }
    }
},
{
    "from": [ 9, 7.5, 7.75 ],
    "to": [ 10, 8.5, 8.25 ],
    "faces": {
        "down":  { "uv": [ 7.5, 1.5, 8.5, 2 ], "texture": "#texture" },
        "up":    { "uv": [ 7.5, 1, 8.5, 1.5 ], "texture": "#texture" },
        "north": { "uv": [ 8.5, 1, 7.5, 2 ], "texture": "#texture" },
        "south": { "uv": [ 7.5, 1, 8.5, 2 ], "texture": "#texture" },
        "east":  { "uv": [ 8, 1, 8.5, 2 ], "texture": "#texture" }
    }
},
{
    "from": [ 10, 7.75, 7.75 ],
    "to": [ 11, 8.25, 8.25 ],
    "faces": {
        "down":  { "uv": [ 8.5, 1, 9.5, 1.5 ], "texture": "#texture" },
        "up":    { "uv": [ 8.5, 1, 9.5, 1.5 ], "texture": "#texture" },
        "north": { "uv": [ 8.5, 1, 9.5, 1.5 ], "texture": "#texture" },
        "south": { "uv": [ 8.5, 1, 9.5, 1.5 ], "texture": "#texture" },
        "east":  { "uv": [ 9, 1, 9.5, 1.5 ], "texture": "#texture" }
    }
},
{
    "from": [ 7, 7, 7.75 ],
    "to": [ 8, 9, 8.25 ],
    "faces": {
        "down":  { "uv": [ 6, 2, 7, 2.5 ], "texture": "#texture" },
        "up":    { "uv": [ 6, 0.5, 7, 1 ], "texture": "#texture" },
        "north": { "uv": [ 7, 0.5, 6, 2.5 ], "texture": "#texture" },
        "south": { "uv": [ 6, 0.5, 7, 2.5 ], "texture": "#texture" },
        "west":  { "uv": [ 6, 0.5, 6.5, 2.5 ], "texture": "#texture" },
        "east":  { "uv": [ 6.5, 0.5, 7, 2.5 ], "texture": "#texture" }
    }
},
{
    "from": [ 7, 7.75, 7 ],
    "to": [ 8, 8.25, 9 ],
    "faces": {
        "down":  { "uv": [ 6, 0.5, 7, 2.5 ], "texture": "#texture" },
        "up":    { "uv": [ 6, 0.5, 7, 2.5 ], "texture": "#texture" },
        "north": { "uv": [ 6, 0.5, 7, 1 ], "texture": "#texture" },
        "south": { "uv": [ 6, 2, 7, 2.5 ], "texture": "#texture" },
        "west":  { "uv": [ 6, 0.5, 6.5, 2.5 ], "rotation": 90, "texture": "#texture" },
        "east":  { "uv": [ 6.5, 0.5, 7, 2.5 ], "rotation": 90, "texture": "#texture" }
    }
},
{
    "from": [ 2.5, 7.25, 7.25 ],
    "to": [ 3, 8.75, 8.75 ],
    "faces": {
        "down":  { "uv": [ 1.5, 1, 2, 2 ], "texture": "#texture" },
        "up":    { "uv": [ 1.5, 1, 2, 2 ], "texture": "#texture" },
        "north": { "uv": [ 1.5, 1, 2, 2 ], "texture": "#texture" },
        "south": { "uv": [ 1.5, 1, 2, 2 ], "texture": "#texture" },
        "west":  { "uv": [ 1.5, 1, 2, 1.5 ], "texture": "#texture" },
        "east":  { "uv": [ 1.5, 1, 2, 1.5 ], "texture": "#texture" }
    }
},
{
    "from": [ 1, 7.5, 7 ],
    "to": [ 2.5, 8.5, 9 ],
    "faces": {
        "down":  { "uv": [ 0, 0.5, 1.5, 2.5 ], "texture": "#texture" },
        "up":    { "uv": [ 0, 0.5, 1.5, 2.5 ], "texture": "#texture" },
        "north": { "uv": [ 0, 1, 1.5, 2 ], "texture": "#texture" },
        "south": { "uv": [ 0, 1, 1.5, 2 ], "texture": "#texture" },
        "west":  { "uv": [ 2, 0.5, 3, 2.5 ], "rotation": 90, "texture": "#texture" },
        "east":  { "uv": [ 2, 0.5, 3, 2.5 ], "rotation": 90, "texture": "#texture" }
    }
},
{
    "from": [ 1, 7, 7.5 ],
    "to": [ 2.5, 9, 8.5 ],
    "faces": {
        "down":  { "uv": [ 0, 1, 1.5, 2 ], "texture": "#texture" },
        "up":    { "uv": [ 0, 1, 1.5, 2 ], "texture": "#texture" },
        "north": { "uv": [ 1.5, 0.5, 0, 2.5 ], "texture": "#texture" },
        "south": { "uv": [ 0, 0.5, 1.5, 2.5 ], "texture": "#texture" },
        "west":  { "uv": [ 2, 0.5, 3, 2.5 ], "texture": "#texture" },
        "east":  { "uv": [ 2, 0.5, 3, 2.5 ], "texture": "#texture" }
    }
},
{
    "from": [ 3, 6.5, 7.75 ],
    "to": [ 5, 9.5, 8.25 ],
    "faces": {
        "down":  { "uv": [ 13, 8.25, 11, 7.75 ], "texture": "#texture" },
        "up":    { "uv": [ 3, 7.75, 5, 8.25 ], "texture": "#texture" },
        "north": { "uv": [ 11, 6.5, 13, 9.5 ], "texture": "#texture" },
        "south": { "uv": [ 3, 6.5, 5, 9.5 ], "texture": "#texture" },
        "west":  { "uv": [ 7.75, 6.5, 8.25, 9.5 ], "texture": "#texture" },
        "east":  { "uv": [ 7.75, 6.5, 8.25, 9.5 ], "texture": "#texture" }
    }
},
{
    "from": [ 3, 6.5, 7.75 ],
    "to": [ 5, 9.5, 8.25 ],
    "faces": {
        "down":  { "uv": [ 2, 2.5, 4, 3 ], "texture": "#texture" },
        "up":    { "uv": [ 2, 0, 4, 0.5 ], "texture": "#texture" },
        "north": { "uv": [ 4, 0, 2, 3 ], "texture": "#texture" },
        "south": { "uv": [ 2, 0, 4, 3 ], "texture": "#texture" },
        "west":  { "uv": [ 2, 0, 2.5, 3 ], "texture": "#texture" },
        "east":  { "uv": [ 3.5, 0, 4, 3 ], "texture": "#texture" }
    }
},
{
    "from": [ 3, 7.75, 6.5 ],
    "to": [ 5, 8.25, 9.5 ],
    "faces": {
        "down":  { "uv": [ 2, 0, 4, 3 ], "texture": "#texture" },
        "up":    { "uv": [ 2, 0, 4, 3 ], "texture": "#texture" },
        "north": { "uv": [ 2, 0, 4, 0.5 ], "texture": "#texture" },
        "south": { "uv": [ 2, 2.5, 4, 3 ], "texture": "#texture" },
        "west":  { "uv": [ 2, 1, 2.5, 1.5 ], "rotation": 90, "texture": "#texture" },
        "east":  { "uv": [ 3.5, 0, 4, 3 ], "rotation": 90, "texture": "#texture" }
    }
},
{
    "__comment": "Flame",
    "from": [ -7, 7.5, 7.5 ],
    "to": [ 1, 8.5, 8.5 ],
    "faces": {
        "down":  { "uv": [ 7.5, 7.5, 15.5, 8.5 ], "texture": "#Rocket Flame" },
        "up":    { "uv": [ 7.5, 7.5, 15.5, 8.5 ], "texture": "#Rocket Flame" },
        "north": { "uv": [ 15.5, 7.5, 7.5, 8.5 ], "texture": "#Rocket Flame" },
        "south": { "uv": [ 7.5, 7.5, 15.5, 8.5 ], "texture": "#Rocket Flame" },
        "west":  { "uv": [ 0.5, 0, 1.5, 1 ], "texture": "#Rocket Flame" },
        "east":  { "uv": [ 0.5, 0, 1.5, 1 ], "texture": "#Rocket Flame" }
    }
},
{
    "from": [ -7, 9.9375, 6 ],
    "to": [ 1, 10, 12 ],
    "rotation": { "origin": [ -7, 10, 6 ], "axis": "x", "angle": 45 },
    "faces": {
        "down":  { "uv": [ 7.5, 5, 15.5, 11 ], "texture": "#Rocket Flame" },
        "up":    { "uv": [ 7.5, 5, 15.5, 11 ], "texture": "#Rocket Flame" }
    }
},
{
    "from": [ -7, 5.9375, 6.1875 ],
    "to": [ 1, 6, 11.6875 ],
    "rotation": { "origin": [ -7, 6, 6.1875 ], "axis": "x", "angle": -45 },
    "faces": {
        "down":  { "uv": [ 7.5, 5, 15.5, 11 ], "texture": "#Rocket Flame" },
        "up":    { "uv": [ 7.5, 5, 15.5, 11 ], "texture": "#Rocket Flame" }
    }
}
],
"display": {
    "thirdperson": {
        "rotation": [ 0, 90, 17 ],
        "translation": [ 0, 0.8, -2.4 ],
        "scale": [ 1, 1, 1 ]
    },
    "head": {
        "rotation": [ 0, 90, 0 ],
        "translation": [ 0, 0, -3.8 ],
        "scale": [ 2, 2, 2 ]
    },
    "firstperson": {
        "rotation": [ 0, 40, 0 ],
        "translation": [ 0, 3.9, -2 ],
        "scale": [ 2, 2, 2 ]
    },
    "gui": {
        "rotation": [ -30, 135, 45 ],
        "translation": [ 0, 0, 0 ],
        "scale": [ 2, 2, 2 ]
    }
}
}