{
"__comment": "Designed by Hypixel minecraft server with BDcraft Cubik PRO 0.92 Beta - http://bdcraft.net",
"textures": {
    "texture": "items/wooden_sword",
    "blade": "items/blade"
},
"elements": [ 
{
    "from": [ 7, -11, 7.5 ],
    "to": [ 9, -6, 8.5 ],
    "faces": {
        "down":  { "uv": [ 7, 13.5, 8, 14.5 ], "texture": "#texture" },
        "north": { "uv": [ 3.5, 9.5, 1.5, 14.5 ], "texture": "#texture" },
        "south": { "uv": [ 1.5, 9.5, 3.5, 14.5 ], "texture": "#texture" },
        "west":  { "uv": [ 2, 9.5, 3, 14.5 ], "texture": "#texture" },
        "east":  { "uv": [ 2, 9.5, 3, 14.5 ], "texture": "#texture" }
    }
},
{
    "from": [ 7, -6, 7.5 ],
    "to": [ 9, -3, 8.5 ],
    "faces": {
        "up":    { "uv": [ 1.5, 6.5, 3.5, 7.5 ], "texture": "#texture" },
        "north": { "uv": [ 3.5, 6.5, 1.5, 9.5 ], "texture": "#texture" },
        "south": { "uv": [ 1.5, 6.5, 3.5, 9.5 ], "texture": "#texture" },
        "west":  { "uv": [ 3, 6.5, 2, 9.5 ], "texture": "#texture" },
        "east":  { "uv": [ 2, 6.5, 3, 9.5 ], "texture": "#texture" }
    }
},
{
    "from": [ 7, -2.5, 7.5 ],
    "to": [ 9, -1.5, 8.5 ],
    "faces": {
        "down":  { "uv": [ 1.5, 5, 3.5, 6 ], "texture": "#texture" },
        "up":    { "uv": [ 1.5, 5, 3.5, 6 ], "texture": "#texture" },
        "north": { "uv": [ 3.5, 5, 1.5, 6 ], "texture": "#texture" },
        "south": { "uv": [ 1.5, 5, 3.5, 6 ], "texture": "#texture" },
        "west":  { "uv": [ 1.5, 5, 2.5, 6 ], "texture": "#texture" },
        "east":  { "uv": [ 1.5, 5, 2.5, 6 ], "texture": "#texture" }
    }
},
{
    "from": [ 7, -1, 7.5 ],
    "to": [ 9, 0, 8.5 ],
    "faces": {
        "down":  { "uv": [ 7, 13.5, 8, 14.5 ], "texture": "#texture" },
        "up":    { "uv": [ 9, 13.25, 11, 14.25 ], "texture": "#texture" },
        "west":  { "uv": [ 2, 3.5, 3, 4.5 ], "texture": "#texture" },
        "east":  { "uv": [ 2, 3.5, 3, 4.5 ], "texture": "#texture" }
    }
},
{
    "from": [ 9, -0.5, 7.5 ],
    "to": [ 9.5, 0, 8.5 ],
    "faces": {
        "down":  { "uv": [ 3.5, 3.5, 4, 4 ], "texture": "#texture" },
        "up":    { "uv": [ 3.5, 3.5, 4, 4 ], "texture": "#texture" },
        "north": { "uv": [ 3.5, 3.5, 4, 4 ], "texture": "#texture" },
        "south": { "uv": [ 3.5, 3.5, 4, 4 ], "texture": "#texture" },
        "east":  { "uv": [ 3.5, 3.5, 4, 4 ], "texture": "#texture" }
    }
},
{
    "from": [ 6.5, -0.5, 7.5 ],
    "to": [ 7, 0, 8.5 ],
    "faces": {
        "down":  { "uv": [ 1, 3.5, 1.5, 4 ], "texture": "#texture" },
        "up":    { "uv": [ 1, 3.5, 1.5, 4 ], "texture": "#texture" },
        "north": { "uv": [ 1, 3.5, 1.5, 4 ], "texture": "#texture" },
        "south": { "uv": [ 1, 3.5, 1.5, 4 ], "texture": "#texture" },
        "west":  { "uv": [ 1, 3.5, 1.5, 4 ], "texture": "#texture" }
    }
},
{
    "from": [ 7.5, -1.5, 7.5 ],
    "to": [ 8.5, -1, 8.5 ],
    "faces": {
        "north": { "uv": [ 3, 4.5, 2, 5 ], "texture": "#texture" },
        "south": { "uv": [ 2, 4.5, 3, 5 ], "texture": "#texture" },
        "west":  { "uv": [ 2, 4.5, 3, 5 ], "texture": "#texture" },
        "east":  { "uv": [ 2, 4.5, 3, 5 ], "texture": "#texture" }
    }
},
{
    "from": [ 7.5, -3, 7.5 ],
    "to": [ 8.5, -2.5, 8.5 ],
    "faces": {
        "north": { "uv": [ 3, 6, 2, 6.5 ], "texture": "#texture" },
        "south": { "uv": [ 2, 6, 3, 6.5 ], "texture": "#texture" },
        "west":  { "uv": [ 3, 6, 2, 6.5 ], "texture": "#texture" },
        "east":  { "uv": [ 2, 6, 3, 6.5 ], "texture": "#texture" }
    }
},
{
    "from": [ 9, -10.5, 7.5 ],
    "to": [ 9.5, -9.5, 8.5 ],
    "faces": {
        "down":  { "uv": [ 3.5, 13.5, 4, 14 ], "texture": "#texture" },
        "up":    { "uv": [ 3.5, 13, 4, 13.5 ], "texture": "#texture" },
        "north": { "uv": [ 3.5, 13, 4, 14 ], "texture": "#texture" },
        "south": { "uv": [ 3.5, 13, 4, 14 ], "texture": "#texture" },
        "east":  { "uv": [ 3.5, 13, 4, 14 ], "texture": "#texture" }
    }
},
{
    "from": [ 7, -1, 8.5 ],
    "to": [ 9, 0, 9 ],
    "faces": {
        "down":  { "uv": [ 1.5, 4, 3.5, 4.5 ], "texture": "#texture" },
        "up":    { "uv": [ 1.5, 3.5, 3.5, 4 ], "texture": "#texture" },
        "south": { "uv": [ 1.5, 3.5, 3.5, 4.5 ], "texture": "#texture" },
        "west":  { "uv": [ 1.5, 3.5, 2, 4.5 ], "texture": "#texture" },
        "east":  { "uv": [ 3, 3.5, 3.5, 4.5 ], "texture": "#texture" }
    }
},
{
    "from": [ 7, -1, 7 ],
    "to": [ 9, 0, 7.5 ],
    "faces": {
        "down":  { "uv": [ 3.5, 4.5, 1.5, 4 ], "texture": "#texture" },
        "up":    { "uv": [ 1.5, 3.5, 3.5, 4 ], "texture": "#texture" },
        "north": { "uv": [ 1.5, 3.5, 3.5, 4.5 ], "texture": "#texture" },
        "west":  { "uv": [ 3, 3.5, 3.5, 4.5 ], "texture": "#texture" },
        "east":  { "uv": [ 1.5, 3.5, 2, 4.5 ], "texture": "#texture" }
    }
},
{
    "from": [ 7.5, -1, 9 ],
    "to": [ 8.5, 0, 9.5 ],
    "faces": {
        "down":  { "uv": [ 2, 4, 3, 4.5 ], "texture": "#texture" },
        "up":    { "uv": [ 2, 3.5, 3, 4 ], "texture": "#texture" },
        "south": { "uv": [ 2, 3.5, 3, 4.5 ], "texture": "#texture" },
        "west":  { "uv": [ 2, 3.5, 2.5, 4.5 ], "texture": "#texture" },
        "east":  { "uv": [ 2.5, 3.5, 3, 4.5 ], "texture": "#texture" }
    }
},
{
    "from": [ 7.5, -1, 6.5 ],
    "to": [ 8.5, 0, 7 ],
    "faces": {
        "down":  { "uv": [ 3, 4.5, 2, 4 ], "texture": "#texture" },
        "up":    { "uv": [ 2, 3.5, 3, 4 ], "texture": "#texture" },
        "north": { "uv": [ 2, 3.5, 3, 4.5 ], "texture": "#texture" },
        "west":  { "uv": [ 2, 3.5, 2.5, 4.5 ], "texture": "#texture" },
        "east":  { "uv": [ 2.5, 3.5, 3, 4.5 ], "texture": "#texture" }
    }
},
{
    "from": [ 7.5, -2.5, 8.5 ],
    "to": [ 8.5, -1.5, 9 ],
    "faces": {
        "down":  { "uv": [ 3.5, 6, 2.5, 5.5 ], "texture": "#texture" },
        "up":    { "uv": [ 2, 5, 3, 5.5 ], "texture": "#texture" },
        "south": { "uv": [ 2, 5, 3, 6 ], "texture": "#texture" },
        "west":  { "uv": [ 2, 5, 2.5, 6 ], "texture": "#texture" },
        "east":  { "uv": [ 2.5, 5, 3, 6 ], "texture": "#texture" }
    }
},
{
    "from": [ 7.5, -2.5, 7 ],
    "to": [ 8.5, -1.5, 7.5 ],
    "faces": {
        "down":  { "uv": [ 2, 5.5, 3, 6 ], "texture": "#texture" },
        "up":    { "uv": [ 2, 5, 3, 5.5 ], "texture": "#texture" },
        "north": { "uv": [ 2, 5, 3, 6 ], "texture": "#texture" },
        "west":  { "uv": [ 2, 5, 2.5, 6 ], "texture": "#texture" },
        "east":  { "uv": [ 2.5, 5, 3, 6 ], "texture": "#texture" }
    }
},
{
    "from": [ 7.25, -2.5, 7.25 ],
    "to": [ 7.5, -1.5, 7.5 ],
    "faces": {
        "down":  { "uv": [ 2, 5.5, 2.25, 5.75 ], "texture": "#texture" },
        "up":    { "uv": [ 2, 5, 2.25, 5.25 ], "texture": "#texture" },
        "north": { "uv": [ 2, 5, 2.25, 6 ], "texture": "#texture" },
        "west":  { "uv": [ 2, 5, 2.25, 6 ], "texture": "#texture" }
    }
},
{
    "from": [ 8.5, -2.5, 7.25 ],
    "to": [ 8.75, -1.5, 7.5 ],
    "faces": {
        "down":  { "uv": [ 2.5, 5.5, 2.75, 5.75 ], "texture": "#texture" },
        "up":    { "uv": [ 2.5, 5, 2.75, 5.25 ], "texture": "#texture" },
        "north": { "uv": [ 2.5, 5, 2.75, 6 ], "texture": "#texture" },
        "east":  { "uv": [ 2.5, 5, 2.75, 6 ], "texture": "#texture" }
    }
},
{
    "from": [ 8.5, -2.5, 8.5 ],
    "to": [ 8.75, -1.5, 8.75 ],
    "faces": {
        "down":  { "uv": [ 2.5, 5.5, 2.75, 5.75 ], "texture": "#texture" },
        "up":    { "uv": [ 2.5, 5, 2.75, 5.25 ], "texture": "#texture" },
        "south": { "uv": [ 3, 5, 3.25, 6 ], "texture": "#texture" },
        "east":  { "uv": [ 2.5, 5, 2.75, 6 ], "texture": "#texture" }
    }
},
{
    "from": [ 7.25, -2.5, 8.5 ],
    "to": [ 7.5, -1.5, 8.75 ],
    "faces": {
        "down":  { "uv": [ 2, 5.5, 2.25, 5.75 ], "texture": "#texture" },
        "up":    { "uv": [ 2, 5, 2.25, 5.25 ], "texture": "#texture" },
        "south": { "uv": [ 2, 5, 2.25, 6 ], "texture": "#texture" },
        "west":  { "uv": [ 2, 5, 2.25, 6 ], "texture": "#texture" }
    }
},
{
    "from": [ 7.5, -10.75, 7 ],
    "to": [ 8.5, -3, 9 ],
    "faces": {
        "down":  { "uv": [ 3, 14.5, 2, 14 ], "texture": "#texture" },
        "up":    { "uv": [ 8.5, 12, 7.5, 10 ], "texture": "#texture" },
        "north": { "uv": [ 2, 6.5, 3, 14.25 ], "texture": "#texture" },
        "south": { "uv": [ 2, 6.5, 3, 14.25 ], "texture": "#texture" },
        "west":  { "uv": [ 1.5, 6.5, 3.5, 14.25 ], "texture": "#texture" },
        "east":  { "uv": [ 1.5, 6.5, 3.5, 14.25 ], "texture": "#texture" }
    }
},
{
    "from": [ 8.5, -10.75, 7.25 ],
    "to": [ 8.75, -3, 7.5 ],
    "faces": {
        "down":  { "uv": [ 3, 14, 3.25, 14.25 ], "texture": "#texture" },
        "up":    { "uv": [ 3, 6.5, 3.25, 6.75 ], "texture": "#texture" },
        "north": { "uv": [ 3, 6.5, 3.25, 14.25 ], "texture": "#texture" },
        "south": { "uv": [ 3, 6.5, 3.25, 14.25 ], "texture": "#texture" },
        "east":  { "uv": [ 3, 6.5, 3.25, 14.25 ], "texture": "#texture" }
    }
},
{
    "from": [ 7.25, -10.75, 7.25 ],
    "to": [ 7.5, -3, 7.5 ],
    "faces": {
        "down":  { "uv": [ 1.5, 14, 1.75, 14.25 ], "texture": "#texture" },
        "up":    { "uv": [ 1.5, 6.5, 1.75, 6.75 ], "texture": "#texture" },
        "north": { "uv": [ 1.5, 6.5, 1.75, 14.25 ], "texture": "#texture" },
        "south": { "uv": [ 1.5, 6.5, 1.75, 14.25 ], "texture": "#texture" },
        "west":  { "uv": [ 1.5, 6.5, 1.75, 14.25 ], "texture": "#texture" }
    }
},
{
    "from": [ 7.25, -10.75, 8.5 ],
    "to": [ 7.5, -3, 8.75 ],
    "faces": {
        "down":  { "uv": [ 2, 14.5, 1.75, 14.25 ], "texture": "#texture" },
        "up":    { "uv": [ 1.5, 6.5, 1.75, 6.75 ], "texture": "#texture" },
        "north": { "uv": [ 1.5, 6.5, 1.75, 14.25 ], "texture": "#texture" },
        "south": { "uv": [ 1.5, 6.5, 1.75, 14.25 ], "texture": "#texture" },
        "west":  { "uv": [ 1.5, 6.5, 1.75, 14.25 ], "texture": "#texture" }
    }
},
{
    "from": [ 8.5, -10.75, 8.5 ],
    "to": [ 8.75, -3, 8.75 ],
    "faces": {
        "down":  { "uv": [ 3.5, 14.5, 3.25, 14.25 ], "texture": "#texture" },
        "up":    { "uv": [ 3, 6.5, 3.25, 6.75 ], "texture": "#texture" },
        "north": { "uv": [ 3, 6.5, 3.25, 14.25 ], "texture": "#texture" },
        "south": { "uv": [ 3, 6.5, 3.25, 14.25 ], "texture": "#texture" },
        "east":  { "uv": [ 3, 6.5, 3.25, 14.25 ], "texture": "#texture" }
    }
},
{
    "from": [ 8.5, -1, 9 ],
    "to": [ 8.75, 0, 9.25 ],
    "faces": {
        "down":  { "uv": [ 3.25, 4.25, 3.5, 4.5 ], "texture": "#texture" },
        "up":    { "uv": [ 3.25, 3.5, 3.5, 3.75 ], "texture": "#texture" },
        "south": { "uv": [ 3.25, 3.5, 3.5, 4.5 ], "texture": "#texture" },
        "east":  { "uv": [ 3.25, 3.5, 3.5, 4.5 ], "texture": "#texture" }
    }
},
{
    "from": [ 9, -1, 7.5 ],
    "to": [ 9.25, -0.5, 8.5 ],
    "faces": {
        "down":  { "uv": [ 2.25, 4, 2.5, 4.5 ], "texture": "#texture" },
        "east":  { "uv": [ 2, 4, 3, 4.5 ], "texture": "#texture" }
    }
},
{
    "from": [ 8.5, -1, 6.75 ],
    "to": [ 8.75, 0, 7 ],
    "faces": {
        "down":  { "uv": [ 3, 4.25, 3.25, 4.5 ], "texture": "#texture" },
        "up":    { "uv": [ 3.25, 3.75, 3.5, 4 ], "texture": "#texture" },
        "north": { "uv": [ 3.25, 3.5, 3.5, 4.5 ], "texture": "#texture" },
        "east":  { "uv": [ 3.25, 3.5, 3.5, 4.5 ], "texture": "#texture" }
    }
},
{
    "from": [ 7.25, -1, 6.75 ],
    "to": [ 7.5, 0, 7 ],
    "faces": {
        "down":  { "uv": [ 1.5, 4, 1.75, 4.25 ], "texture": "#texture" },
        "up":    { "uv": [ 1.75, 3.75, 2, 4 ], "texture": "#texture" },
        "north": { "uv": [ 1.5, 3.5, 1.75, 4.5 ], "texture": "#texture" },
        "west":  { "uv": [ 1.75, 3.5, 2, 4.5 ], "texture": "#texture" }
    }
},
{
    "from": [ 6.75, -1, 7.5 ],
    "to": [ 7, -0.5, 8.5 ],
    "faces": {
        "down":  { "uv": [ 2, 4, 3, 4.5 ], "texture": "#texture" },
        "west":  { "uv": [ 2, 4, 3, 4.5 ], "texture": "#texture" }
    }
},
{
    "from": [ 6.75, -1, 8.5 ],
    "to": [ 7, 0, 8.75 ],
    "faces": {
        "down":  { "uv": [ 1.5, 4, 1.75, 4.25 ], "texture": "#texture" },
        "up":    { "uv": [ 1.5, 3.5, 1.75, 3.75 ], "texture": "#texture" },
        "north": { "uv": [ 1.5, 3.5, 1.75, 4.5 ], "texture": "#texture" },
        "south": { "uv": [ 1.5, 3.5, 1.75, 4.5 ], "texture": "#texture" },
        "west":  { "uv": [ 1.5, 3.5, 1.75, 4.5 ], "texture": "#texture" }
    }
},
{
    "from": [ 7.25, -1, 9 ],
    "to": [ 7.5, 0, 9.25 ],
    "faces": {
        "down":  { "uv": [ 1.5, 4, 1.75, 4.25 ], "texture": "#texture" },
        "up":    { "uv": [ 1.5, 3.5, 1.75, 3.75 ], "texture": "#texture" },
        "south": { "uv": [ 1.5, 3.5, 1.75, 4.5 ], "texture": "#texture" },
        "west":  { "uv": [ 1.5, 3.5, 1.75, 4.5 ], "texture": "#texture" }
    }
},
{
    "from": [ 9, -1, 8.5 ],
    "to": [ 9.25, 0, 8.75 ],
    "faces": {
        "down":  { "uv": [ 3, 4, 3.25, 4.25 ], "texture": "#texture" },
        "up":    { "uv": [ 3, 3.5, 3.25, 3.75 ], "texture": "#texture" },
        "north": { "uv": [ 3, 3.5, 3.25, 4.5 ], "texture": "#texture" },
        "south": { "uv": [ 3, 3.5, 3.25, 4.5 ], "texture": "#texture" },
        "east":  { "uv": [ 3, 3.5, 3.25, 4.5 ], "texture": "#texture" }
    }
},
{
    "from": [ 6.5, -10.5, 7.5 ],
    "to": [ 7, -9.5, 8.5 ],
    "faces": {
        "down":  { "uv": [ 3.5, 13.5, 4, 14 ], "texture": "#texture" },
        "up":    { "uv": [ 3.5, 13, 4, 13.5 ], "texture": "#texture" },
        "north": { "uv": [ 3.5, 13, 4, 14 ], "texture": "#texture" },
        "south": { "uv": [ 3.5, 13, 4, 14 ], "texture": "#texture" },
        "west":  { "uv": [ 3.5, 13, 4, 14 ], "texture": "#texture" }
    }
},
{
    "from": [ 6.75, -1, 7.25 ],
    "to": [ 7, 0, 7.5 ],
    "faces": {
        "down":  { "uv": [ 1.5, 4, 2, 4.5 ], "texture": "#texture" },
        "up":    { "uv": [ 1.5, 3.5, 2, 4 ], "texture": "#texture" },
        "north": { "uv": [ 2, 3.5, 1.5, 4.5 ], "texture": "#texture" },
        "south": { "uv": [ 2, 3.5, 1.5, 4.5 ], "texture": "#texture" },
        "west":  { "uv": [ 1.5, 3.5, 2, 4.5 ], "texture": "#texture" }
    }
},
{
    "from": [ 9, -1, 7.25 ],
    "to": [ 9.25, 0, 7.5 ],
    "faces": {
        "down":  { "uv": [ 3, 4, 3.5, 4.5 ], "texture": "#texture" },
        "up":    { "uv": [ 3, 3.5, 3.5, 4 ], "texture": "#texture" },
        "north": { "uv": [ 3.5, 3.5, 3, 4.5 ], "texture": "#texture" },
        "south": { "uv": [ 3.5, 3.5, 3, 4.5 ], "texture": "#texture" },
        "east":  { "uv": [ 3, 3.5, 3.5, 4.5 ], "texture": "#texture" }
    }
},
{
    "from": [ 7.5, 0, 7.5 ],
    "to": [ 8.5, 23, 8.5 ],
    "faces": {
        "down":  { "uv": [ 0, 6.75, 0.5, 7.25 ], "texture": "#blade" },
        "up":    { "uv": [ 0, 6.75, 0.5, 7.25 ], "texture": "#blade" },
        "north": { "uv": [ 0, 3.75, 0.5, 16 ], "texture": "#blade" },
        "south": { "uv": [ 0, 3.75, 0.5, 16 ], "texture": "#blade" },
        "west":  { "uv": [ 0, 3.75, 0.5, 16 ], "texture": "#blade" },
        "east":  { "uv": [ 0, 3.75, 0.5, 16 ], "texture": "#blade" }
    }
},
{
    "from": [ 8.5, 0, 7.5 ],
    "to": [ 9, 23, 8.5 ],
    "faces": {
        "down":  { "uv": [ 2.25, 3.75, 2.75, 4.25 ], "texture": "#blade" },
        "up":    { "uv": [ 2.25, 3.75, 2.75, 4.25 ], "texture": "#blade" },
        "north": { "uv": [ 2.25, 3.75, 2.5, 16 ], "texture": "#blade" },
        "south": { "uv": [ 2.25, 3.75, 2.5, 16 ], "texture": "#blade" },
        "west":  { "uv": [ 2.25, 3.75, 2.5, 16 ], "texture": "#blade" },
        "east":  { "uv": [ 2.25, 3.75, 2.5, 16 ], "texture": "#blade" }
    }
},
{
    "from": [ 7.5, 0, 7 ],
    "to": [ 8.5, 23, 7.5 ],
    "faces": {
        "down":  { "uv": [ 2.25, 3.75, 2.75, 4.25 ], "texture": "#blade" },
        "up":    { "uv": [ 2.25, 3.75, 2.75, 4.25 ], "texture": "#blade" },
        "north": { "uv": [ 2.25, 3.75, 2.5, 16 ], "texture": "#blade" },
        "south": { "uv": [ 2.25, 3.75, 2.5, 16 ], "texture": "#blade" },
        "west":  { "uv": [ 2.25, 3.75, 2.5, 16 ], "texture": "#blade" },
        "east":  { "uv": [ 2.25, 3.75, 2.5, 16 ], "texture": "#blade" }
    }
},
{
    "from": [ 7.5, 0, 8.5 ],
    "to": [ 8.5, 23, 9 ],
    "faces": {
        "down":  { "uv": [ 2.25, 3.75, 2.75, 4.25 ], "texture": "#blade" },
        "up":    { "uv": [ 2.25, 3.75, 2.75, 4.25 ], "texture": "#blade" },
        "north": { "uv": [ 2.25, 3.75, 2.5, 16 ], "texture": "#blade" },
        "south": { "uv": [ 2.25, 3.75, 2.5, 16 ], "texture": "#blade" },
        "west":  { "uv": [ 2.25, 3.75, 2.5, 16 ], "texture": "#blade" },
        "east":  { "uv": [ 2.25, 3.75, 2.5, 16 ], "texture": "#blade" }
    }
},
{
    "from": [ 7, 0, 7.5 ],
    "to": [ 7.5, 23, 8.5 ],
    "faces": {
        "down":  { "uv": [ 2.25, 3.75, 2.75, 4.25 ], "texture": "#blade" },
        "up":    { "uv": [ 2.25, 3.75, 2.75, 4.25 ], "texture": "#blade" },
        "north": { "uv": [ 2.25, 3.75, 2.5, 16 ], "texture": "#blade" },
        "south": { "uv": [ 2.25, 3.75, 2.5, 16 ], "texture": "#blade" },
        "west":  { "uv": [ 2.25, 3.75, 2.5, 16 ], "texture": "#blade" },
        "east":  { "uv": [ 2.25, 3.75, 2.5, 16 ], "texture": "#blade" }
    }
},
{
    "from": [ 7, 0, 7 ],
    "to": [ 7.5, 23, 7.5 ],
    "faces": {
        "down":  { "uv": [ 6.5, 3.75, 7, 4.25 ], "texture": "#blade" },
        "up":    { "uv": [ 6.5, 3.75, 7, 4.25 ], "texture": "#blade" },
        "north": { "uv": [ 10.5, 3.75, 10.75, 16 ], "texture": "#blade" },
        "south": { "uv": [ 6.75, 3.75, 7, 16 ], "texture": "#blade" },
        "west":  { "uv": [ 11.25, 3.75, 11.5, 16 ], "texture": "#blade" },
        "east":  { "uv": [ 9, 3.75, 9.25, 16 ], "texture": "#blade" }
    }
},
{
    "from": [ 8.5, 0, 7 ],
    "to": [ 9, 23, 7.5 ],
    "faces": {
        "down":  { "uv": [ 6.5, 3.75, 7, 4.25 ], "texture": "#blade" },
        "up":    { "uv": [ 6.5, 3.75, 7, 4.25 ], "texture": "#blade" },
        "north": { "uv": [ 9.75, 3.75, 10, 16 ], "texture": "#blade" },
        "south": { "uv": [ 7.5, 3.75, 7.75, 16 ], "texture": "#blade" },
        "west":  { "uv": [ 11.25, 3.75, 11.5, 16 ], "texture": "#blade" },
        "east":  { "uv": [ 9, 3.75, 9.25, 16 ], "texture": "#blade" }
    }
},
{
    "from": [ 8.5, 0, 8.5 ],
    "to": [ 9, 23, 9 ],
    "faces": {
        "down":  { "uv": [ 6.5, 3.75, 7, 4.25 ], "texture": "#blade" },
        "up":    { "uv": [ 6.5, 3.75, 7, 4.25 ], "texture": "#blade" },
        "north": { "uv": [ 9.75, 3.75, 10, 16 ], "texture": "#blade" },
        "south": { "uv": [ 7.5, 3.75, 7.75, 16 ], "texture": "#blade" },
        "west":  { "uv": [ 12, 3.75, 12.25, 16 ], "texture": "#blade" },
        "east":  { "uv": [ 8.25, 3.75, 8.5, 16 ], "texture": "#blade" }
    }
},
{
    "from": [ 7, 0, 8.5 ],
    "to": [ 7.5, 23, 9 ],
    "faces": {
        "down":  { "uv": [ 6.5, 3.75, 7, 4.25 ], "texture": "#blade" },
        "up":    { "uv": [ 6.5, 3.75, 7, 4.25 ], "texture": "#blade" },
        "north": { "uv": [ 10.5, 3.75, 10.75, 16 ], "texture": "#blade" },
        "south": { "uv": [ 6.75, 3.75, 7, 16 ], "texture": "#blade" },
        "west":  { "uv": [ 12, 3.75, 12.25, 16 ], "texture": "#blade" },
        "east":  { "uv": [ 8.25, 3.75, 8.5, 16 ], "texture": "#blade" }
    }
},
{
    "from": [ 7.5, 0, 9 ],
    "to": [ 8.5, 23, 9.25 ],
    "faces": {
        "down":  { "uv": [ 6.5, 3.75, 7, 4.25 ], "texture": "#blade" },
        "up":    { "uv": [ 6.5, 3.75, 7, 4.25 ], "texture": "#blade" },
        "north": { "uv": [ 10, 3.75, 10.5, 16 ], "texture": "#blade" },
        "south": { "uv": [ 7, 3.75, 7.5, 16 ], "texture": "#blade" },
        "west":  { "uv": [ 12.25, 3.75, 12.5, 16 ], "texture": "#blade" },
        "east":  { "uv": [ 8, 3.75, 8.25, 16 ], "texture": "#blade" }
    }
},
{
    "from": [ 7.5, 0, 6.75 ],
    "to": [ 8.5, 23, 7 ],
    "faces": {
        "down":  { "uv": [ 6.5, 3.75, 7, 4.25 ], "texture": "#blade" },
        "up":    { "uv": [ 6.5, 3.75, 7, 4.25 ], "texture": "#blade" },
        "north": { "uv": [ 10, 3.75, 10.5, 16 ], "texture": "#blade" },
        "south": { "uv": [ 7, 3.75, 7.5, 16 ], "texture": "#blade" },
        "west":  { "uv": [ 11, 3.75, 11.25, 16 ], "texture": "#blade" },
        "east":  { "uv": [ 9.25, 3.75, 9.5, 16 ], "texture": "#blade" }
    }
},
{
    "from": [ 6.75, 0, 7.5 ],
    "to": [ 7, 23, 8.5 ],
    "faces": {
        "down":  { "uv": [ 6.5, 3.75, 7, 4.25 ], "texture": "#blade" },
        "up":    { "uv": [ 6.5, 3.75, 7, 4.25 ], "texture": "#blade" },
        "north": { "uv": [ 10.75, 3.75, 11, 16 ], "texture": "#blade" },
        "south": { "uv": [ 6.5, 3.75, 6.75, 16 ], "texture": "#blade" },
        "west":  { "uv": [ 11.5, 3.75, 12, 16 ], "texture": "#blade" },
        "east":  { "uv": [ 8.5, 3.75, 9, 16 ], "texture": "#blade" }
    }
},
{
    "from": [ 9, 0, 7.5 ],
    "to": [ 9.25, 23, 8.5 ],
    "faces": {
        "down":  { "uv": [ 6.5, 3.75, 7, 4.25 ], "texture": "#blade" },
        "up":    { "uv": [ 6.5, 3.75, 7, 4.25 ], "texture": "#blade" },
        "north": { "uv": [ 9.5, 3.75, 9.75, 16 ], "texture": "#blade" },
        "south": { "uv": [ 7.75, 3.75, 8, 16 ], "texture": "#blade" },
        "west":  { "uv": [ 11.5, 3.75, 12, 16 ], "texture": "#blade" },
        "east":  { "uv": [ 8.5, 3.75, 9, 16 ], "texture": "#blade" }
    }
},
{
    "from": [ 7, 0, 7.5 ],
    "to": [ 7.5, 23, 8.5 ],
    "faces": {
        "down":  { "uv": [ 2.25, 3.75, 2.75, 4.25 ], "texture": "#blade" },
        "up":    { "uv": [ 2.25, 3.75, 2.75, 4.25 ], "texture": "#blade" },
        "north": { "uv": [ 2.25, 3.75, 2.5, 16 ], "texture": "#blade" },
        "south": { "uv": [ 2.25, 3.75, 2.5, 16 ], "texture": "#blade" },
        "west":  { "uv": [ 2.25, 3.75, 2.5, 16 ], "texture": "#blade" },
        "east":  { "uv": [ 2.25, 3.75, 2.5, 16 ], "texture": "#blade" }
    }
},
{
    "from": [ 7.5, 0, 7 ],
    "to": [ 8.5, 23, 7.5 ],
    "faces": {
        "down":  { "uv": [ 2.25, 3.75, 2.75, 4.25 ], "texture": "#blade" },
        "up":    { "uv": [ 2.25, 3.75, 2.75, 4.25 ], "texture": "#blade" },
        "north": { "uv": [ 2.25, 3.75, 2.5, 16 ], "texture": "#blade" },
        "south": { "uv": [ 2.25, 3.75, 2.5, 16 ], "texture": "#blade" },
        "west":  { "uv": [ 2.25, 3.75, 2.5, 16 ], "texture": "#blade" },
        "east":  { "uv": [ 2.25, 3.75, 2.5, 16 ], "texture": "#blade" }
    }
},
{
    "from": [ 8.5, 0, 7.5 ],
    "to": [ 9, 23, 8.5 ],
    "faces": {
        "down":  { "uv": [ 2.25, 3.75, 2.75, 4.25 ], "texture": "#blade" },
        "up":    { "uv": [ 2.25, 3.75, 2.75, 4.25 ], "texture": "#blade" },
        "north": { "uv": [ 2.25, 3.75, 2.5, 16 ], "texture": "#blade" },
        "south": { "uv": [ 2.25, 3.75, 2.5, 16 ], "texture": "#blade" },
        "west":  { "uv": [ 2.25, 3.75, 2.5, 16 ], "texture": "#blade" },
        "east":  { "uv": [ 2.25, 3.75, 2.5, 16 ], "texture": "#blade" }
    }
},
{
    "from": [ 7.5, 0, 8.5 ],
    "to": [ 8.5, 23, 9 ],
    "faces": {
        "down":  { "uv": [ 2.25, 3.75, 2.75, 4.25 ], "texture": "#blade" },
        "up":    { "uv": [ 2.25, 3.75, 2.75, 4.25 ], "texture": "#blade" },
        "north": { "uv": [ 2.25, 3.75, 2.5, 16 ], "texture": "#blade" },
        "south": { "uv": [ 2.25, 3.75, 2.5, 16 ], "texture": "#blade" },
        "west":  { "uv": [ 2.25, 3.75, 2.5, 16 ], "texture": "#blade" },
        "east":  { "uv": [ 2.25, 3.75, 2.5, 16 ], "texture": "#blade" }
    }
},
{
    "from": [ 7.5, 0, 7.5 ],
    "to": [ 8.5, 23, 8.5 ],
    "faces": {
        "down":  { "uv": [ 0, 6.75, 0.5, 7.25 ], "texture": "#blade" },
        "up":    { "uv": [ 0, 6.75, 0.5, 7.25 ], "texture": "#blade" },
        "north": { "uv": [ 0, 3.75, 0.5, 16 ], "texture": "#blade" },
        "south": { "uv": [ 0, 3.75, 0.5, 16 ], "texture": "#blade" },
        "west":  { "uv": [ 0, 3.75, 0.5, 16 ], "texture": "#blade" },
        "east":  { "uv": [ 0, 3.75, 0.5, 16 ], "texture": "#blade" }
    }
},
{
    "from": [ 7, 23, 7.5 ],
    "to": [ 7.5, 23.5, 8.5 ],
    "faces": {
        "down":  { "uv": [ 6.5, 3.75, 7, 4.25 ], "texture": "#blade" },
        "up":    { "uv": [ 6.5, 3.75, 7, 4.25 ], "texture": "#blade" },
        "north": { "uv": [ 10.5, 3.75, 10.75, 4 ], "texture": "#blade" },
        "south": { "uv": [ 6.75, 3.75, 7, 4 ], "texture": "#blade" },
        "west":  { "uv": [ 11.25, 3.75, 11.5, 4 ], "texture": "#blade" },
        "east":  { "uv": [ 9, 3.75, 9.25, 4 ], "texture": "#blade" }
    }
},
{
    "from": [ 7.5, 23, 7 ],
    "to": [ 8.5, 23.5, 7.5 ],
    "faces": {
        "down":  { "uv": [ 6.5, 3.75, 7, 4.25 ], "texture": "#blade" },
        "up":    { "uv": [ 6.5, 3.75, 7, 4.25 ], "texture": "#blade" },
        "north": { "uv": [ 10.5, 3.75, 10.75, 4 ], "texture": "#blade" },
        "south": { "uv": [ 6.75, 3.75, 7, 4 ], "texture": "#blade" },
        "west":  { "uv": [ 11.25, 3.75, 11.5, 4 ], "texture": "#blade" },
        "east":  { "uv": [ 9, 3.75, 9.25, 4 ], "texture": "#blade" }
    }
},
{
    "from": [ 8.5, 23, 7.5 ],
    "to": [ 9, 23.5, 8.5 ],
    "faces": {
        "down":  { "uv": [ 6.5, 3.75, 7, 4.25 ], "texture": "#blade" },
        "up":    { "uv": [ 6.5, 3.75, 7, 4.25 ], "texture": "#blade" },
        "north": { "uv": [ 10.5, 3.75, 10.75, 4 ], "texture": "#blade" },
        "south": { "uv": [ 6.75, 3.75, 7, 4 ], "texture": "#blade" },
        "west":  { "uv": [ 11.25, 3.75, 11.5, 4 ], "texture": "#blade" },
        "east":  { "uv": [ 9, 3.75, 9.25, 4 ], "texture": "#blade" }
    }
},
{
    "from": [ 7.5, 23, 8.5 ],
    "to": [ 8.5, 23.5, 9 ],
    "faces": {
        "down":  { "uv": [ 6.5, 3.75, 7, 4.25 ], "texture": "#blade" },
        "up":    { "uv": [ 6.5, 3.75, 7, 4.25 ], "texture": "#blade" },
        "north": { "uv": [ 10.5, 3.75, 10.75, 4 ], "texture": "#blade" },
        "south": { "uv": [ 6.75, 3.75, 7, 4 ], "texture": "#blade" },
        "west":  { "uv": [ 11.25, 3.75, 11.5, 4 ], "texture": "#blade" },
        "east":  { "uv": [ 9, 3.75, 9.25, 4 ], "texture": "#blade" }
    }
},
{
    "from": [ 7.5, 23, 7.5 ],
    "to": [ 8.5, 24, 8.5 ],
    "faces": {
        "down":  { "uv": [ 6.5, 3.75, 7, 4.25 ], "texture": "#blade" },
        "up":    { "uv": [ 6.5, 3.75, 7, 4.25 ], "texture": "#blade" },
        "north": { "uv": [ 10.5, 3.75, 10.75, 4 ], "texture": "#blade" },
        "south": { "uv": [ 6.75, 3.75, 7, 4 ], "texture": "#blade" },
        "west":  { "uv": [ 11.25, 3.75, 11.5, 4 ], "texture": "#blade" },
        "east":  { "uv": [ 9, 3.75, 9.25, 4 ], "texture": "#blade" }
    }
}
],
"display": {
    "thirdperson": {
        "rotation": [ -95, 14, -20 ],
        "translation": [ 0.6, 0.9, -7.4 ],
        "scale": [ 1, 1, 1 ]
    },
    "firstperson": {
        "rotation": [ -7, -26, -13 ],
        "translation": [ 0, 12, 0.9 ],
        "scale": [ 1.5, 1.5, 1.5 ]
    },
    "gui": {
        "rotation": [ -30, 135, -45 ],
        "translation": [ -1.6, 0, 0.6 ],
        "scale": [ 1, 1, 1 ]
    }
}
}