{
"__comment": "Designed by Hypixel minecraft server with BDcraft Cubik PRO 0.92 Beta - http://bdcraft.net",
"ambientocclusion": false,
"textures": {
    "carpet_black_unwrap1": "blocks/carpet_black_unwrap1",
    "carpet_black_unwrap2": "blocks/carpet_black_unwrap2",
    "carpet_black_unwrap3": "blocks/carpet_black_unwrap3",
    "carpet_black_unwrap4": "blocks/carpet_black_unwrap4",
    "carpet_black_unwrap5": "blocks/carpet_black_unwrap5",
    "carpet_black_unwrap6": "blocks/carpet_black_unwrap6",
    "carpet_black_unwrap7": "blocks/carpet_black_unwrap7"
},
"elements": [ 
{
    "from": [ 0.75, 6.03, 5.12 ],
    "to": [ 15.15, 21.15, 8 ],
    "rotation": { "origin": [ 0.75, 21.15, 5.12 ], "axis": "x", "angle": -22.5 },
    "faces": {
        "down":  { "uv": [ 13, 12.5, 3, 12 ], "texture": "#carpet_black_unwrap1" },
        "up":    { "uv": [ 3, 2, 13, 2.5 ], "texture": "#carpet_black_unwrap1" },
        "north": { "uv": [ 3, 2, 13, 12.5 ], "texture": "#carpet_black_unwrap5" },
        "south": { "uv": [ 3, 2, 13, 12.5 ], "texture": "#carpet_black_unwrap1" },
        "west":  { "uv": [ 7, 2, 9, 12.5 ], "texture": "#carpet_black_unwrap2" },
        "east":  { "uv": [ 7, 2, 9, 12.5 ], "texture": "#carpet_black_unwrap4" }
    }
},
{
    "from": [ 6.5, 3.78, -0.15 ],
    "to": [ 9.38, 18.9, 14.25 ],
    "rotation": { "origin": [ 6.5, 18.9, -0.15 ], "axis": "x", "angle": -22.5 },
    "faces": {
        "down":  { "uv": [ 9, 12.5, 7, 12 ], "texture": "#carpet_black_unwrap1" },
        "up":    { "uv": [ 7, 2, 9, 2.5 ], "texture": "#carpet_black_unwrap1" },
        "north": { "uv": [ 7, 2, 9, 12.5 ], "texture": "#carpet_black_unwrap5" },
        "south": { "uv": [ 7, 2, 9, 12.5 ], "texture": "#carpet_black_unwrap1" },
        "west":  { "uv": [ 3, 2, 13, 12.5 ], "texture": "#carpet_black_unwrap2" },
        "east":  { "uv": [ 3, 2, 13, 12.5 ], "texture": "#carpet_black_unwrap4" }
    }
},
{
    "from": [ 5, 4.05, 0.54 ],
    "to": [ 10.76, 19.17, 13.5 ],
    "rotation": { "origin": [ 5, 19.17, 0.54 ], "axis": "x", "angle": -22.5 },
    "faces": {
        "down":  { "uv": [ 10, 12.5, 6, 12 ], "texture": "#carpet_black_unwrap1" },
        "up":    { "uv": [ 6, 2, 10, 2.5 ], "texture": "#carpet_black_unwrap1" },
        "north": { "uv": [ 6, 2, 10, 12.5 ], "texture": "#carpet_black_unwrap5" },
        "south": { "uv": [ 6, 2, 10, 12.5 ], "texture": "#carpet_black_unwrap1" },
        "west":  { "uv": [ 3.5, 2, 12.5, 12.5 ], "texture": "#carpet_black_unwrap2" },
        "east":  { "uv": [ 3.5, 2, 12.5, 12.5 ], "texture": "#carpet_black_unwrap4" }
    }
},
{
    "from": [ 1.5, 5.49, 3.74 ],
    "to": [ 14.46, 20.61, 9.5 ],
    "rotation": { "origin": [ 1.5, 20.61, 3.74 ], "axis": "x", "angle": -22.5 },
    "faces": {
        "down":  { "uv": [ 12.5, 12.5, 3.5, 12 ], "texture": "#carpet_black_unwrap1" },
        "up":    { "uv": [ 3.5, 2, 12.5, 2.5 ], "texture": "#carpet_black_unwrap1" },
        "north": { "uv": [ 3.5, 2, 12.5, 12.5 ], "texture": "#carpet_black_unwrap5" },
        "south": { "uv": [ 3.5, 2, 12.5, 12.5 ], "texture": "#carpet_black_unwrap1" },
        "west":  { "uv": [ 6, 2, 10, 12.5 ], "texture": "#carpet_black_unwrap2" },
        "east":  { "uv": [ 6, 2, 10, 12.5 ], "texture": "#carpet_black_unwrap4" }
    }
},
{
    "from": [ 3.75, 4.32, 0.98 ],
    "to": [ 12.39, 19.44, 12.5 ],
    "rotation": { "origin": [ 3.75, 19.44, 0.98 ], "axis": "x", "angle": -22.5 },
    "faces": {
        "down":  { "uv": [ 11, 12.5, 5, 12 ], "texture": "#carpet_black_unwrap1" },
        "up":    { "uv": [ 5, 2, 11, 2.5 ], "texture": "#carpet_black_unwrap1" },
        "north": { "uv": [ 5, 2, 11, 12.5 ], "texture": "#carpet_black_unwrap5" },
        "south": { "uv": [ 5, 2, 11, 12.5 ], "texture": "#carpet_black_unwrap1" },
        "west":  { "uv": [ 4, 2, 12, 12.5 ], "texture": "#carpet_black_unwrap2" },
        "east":  { "uv": [ 4, 2, 12, 12.5 ], "texture": "#carpet_black_unwrap4" }
    }
},
{
    "from": [ 2.25, 4.95, 2.61 ],
    "to": [ 13.77, 20.07, 11.25 ],
    "rotation": { "origin": [ 2.25, 20.07, 2.61 ], "axis": "x", "angle": -22.5 },
    "faces": {
        "down":  { "uv": [ 12, 12.5, 4, 12 ], "texture": "#carpet_black_unwrap1" },
        "up":    { "uv": [ 4, 2, 12, 2.5 ], "texture": "#carpet_black_unwrap1" },
        "north": { "uv": [ 4, 2, 12, 12.5 ], "texture": "#carpet_black_unwrap5" },
        "south": { "uv": [ 4, 2, 12, 12.5 ], "texture": "#carpet_black_unwrap1" },
        "west":  { "uv": [ 5, 2, 11, 12.5 ], "texture": "#carpet_black_unwrap2" },
        "east":  { "uv": [ 5, 2, 11, 12.5 ], "texture": "#carpet_black_unwrap4" }
    }
},
{
    "from": [ 6.5, 4.5, 6.29 ],
    "to": [ 9.38, 5.22, 19.25 ],
    "rotation": { "origin": [ 6.5, 5.22, 6.29 ], "axis": "x", "angle": -22.5 },
    "faces": {
        "down":  { "uv": [ 9, 13, 7, 12.5 ], "texture": "#carpet_black_unwrap1" },
        "north": { "uv": [ 7, 12.5, 9, 13 ], "texture": "#carpet_black_unwrap5" },
        "south": { "uv": [ 7, 12.5, 9, 13 ], "texture": "#carpet_black_unwrap1" },
        "west":  { "uv": [ 3.5, 12.5, 12.5, 13 ], "texture": "#carpet_black_unwrap2" },
        "east":  { "uv": [ 3.5, 12.5, 12.5, 13 ], "texture": "#carpet_black_unwrap4" }
    }
},
{
    "from": [ 1.5, 6.48, 11.12 ],
    "to": [ 14.46, 7.2, 14 ],
    "rotation": { "origin": [ 1.5, 7.2, 11.12 ], "axis": "x", "angle": -22.5 },
    "faces": {
        "down":  { "uv": [ 12.5, 13, 3.5, 12.5 ], "texture": "#carpet_black_unwrap1" },
        "north": { "uv": [ 3.5, 12.5, 12.5, 13 ], "texture": "#carpet_black_unwrap5" },
        "south": { "uv": [ 3.5, 12.5, 12.5, 13 ], "texture": "#carpet_black_unwrap1" },
        "west":  { "uv": [ 7, 12.5, 9, 13 ], "texture": "#carpet_black_unwrap2" },
        "east":  { "uv": [ 7, 12.5, 9, 13 ], "texture": "#carpet_black_unwrap4" }
    }
},
{
    "from": [ 2.25, 5.85, 9.49 ],
    "to": [ 13.77, 6.57, 15.25 ],
    "rotation": { "origin": [ 2.25, 6.57, 9.49 ], "axis": "x", "angle": -22.5 },
    "faces": {
        "down":  { "uv": [ 12, 13, 4, 12.5 ], "texture": "#carpet_black_unwrap1" },
        "south": { "uv": [ 4, 12.5, 12, 13 ], "texture": "#carpet_black_unwrap1" },
        "west":  { "uv": [ 6, 12.5, 10, 13 ], "texture": "#carpet_black_unwrap2" },
        "east":  { "uv": [ 6, 12.5, 10, 13 ], "texture": "#carpet_black_unwrap4" }
    }
},
{
    "from": [ 5, 4.77, 6.73 ],
    "to": [ 10.76, 5.49, 18.25 ],
    "rotation": { "origin": [ 5, 5.49, 6.73 ], "axis": "x", "angle": -22.5 },
    "faces": {
        "down":  { "uv": [ 10, 13, 6, 12.5 ], "texture": "#carpet_black_unwrap1" },
        "north": { "uv": [ 6, 12.5, 10, 13 ], "texture": "#carpet_black_unwrap5" },
        "south": { "uv": [ 6, 12.5, 10, 13 ], "texture": "#carpet_black_unwrap1" },
        "west":  { "uv": [ 4, 12.5, 12, 13 ], "texture": "#carpet_black_unwrap2" },
        "east":  { "uv": [ 4, 12.5, 12, 13 ], "texture": "#carpet_black_unwrap4" }
    }
},
{
    "from": [ 3.75, 5.04, 7.42 ],
    "to": [ 12.39, 5.76, 17.5 ],
    "rotation": { "origin": [ 3.75, 5.76, 7.42 ], "axis": "x", "angle": -22.5 },
    "faces": {
        "down":  { "uv": [ 11, 13, 5, 12.5 ], "texture": "#carpet_black_unwrap1" },
        "north": { "uv": [ 5, 12.5, 11, 13 ], "texture": "#carpet_black_unwrap5" },
        "south": { "uv": [ 5, 12.5, 11, 13 ], "texture": "#carpet_black_unwrap1" },
        "west":  { "uv": [ 4.5, 12.5, 11.5, 13 ], "texture": "#carpet_black_unwrap2" },
        "east":  { "uv": [ 4.5, 12.5, 11.5, 13 ], "texture": "#carpet_black_unwrap4" }
    }
},
{
    "from": [ 6.5, 4.14, 6.98 ],
    "to": [ 9.38, 4.86, 18.5 ],
    "rotation": { "origin": [ 6.5, 4.86, 6.98 ], "axis": "x", "angle": -22.5 },
    "faces": {
        "down":  { "uv": [ 9, 13.5, 7, 13 ], "texture": "#carpet_black_unwrap1" },
        "north": { "uv": [ 7, 13, 9, 13.5 ], "texture": "#carpet_black_unwrap5" },
        "south": { "uv": [ 7, 13, 9, 13.5 ], "texture": "#carpet_black_unwrap1" },
        "west":  { "uv": [ 4, 13, 12, 13.5 ], "texture": "#carpet_black_unwrap2" },
        "east":  { "uv": [ 4, 13, 12, 13.5 ], "texture": "#carpet_black_unwrap4" }
    }
},
{
    "from": [ 2.25, 5.76, 11.37 ],
    "to": [ 13.77, 6.48, 14.25 ],
    "rotation": { "origin": [ 2.25, 6.48, 11.37 ], "axis": "x", "angle": -22.5 },
    "faces": {
        "down":  { "uv": [ 12, 13.5, 4, 13 ], "texture": "#carpet_black_unwrap1" },
        "north": { "uv": [ 4, 13, 12, 13.5 ], "texture": "#carpet_black_unwrap5" },
        "south": { "uv": [ 4, 13, 12, 13.5 ], "texture": "#carpet_black_unwrap1" },
        "west":  { "uv": [ 7, 13, 9, 13.5 ], "texture": "#carpet_black_unwrap2" },
        "east":  { "uv": [ 7, 13, 9, 13.5 ], "texture": "#carpet_black_unwrap4" }
    }
},
{
    "from": [ 5, 4.41, 7.67 ],
    "to": [ 10.76, 5.13, 17.75 ],
    "rotation": { "origin": [ 5, 5.13, 7.67 ], "axis": "x", "angle": -22.5 },
    "faces": {
        "down":  { "uv": [ 10, 13.5, 6, 13 ], "texture": "#carpet_black_unwrap1" },
        "north": { "uv": [ 6, 13, 10, 13.5 ], "texture": "#carpet_black_unwrap5" },
        "south": { "uv": [ 6, 13, 10, 13.5 ], "texture": "#carpet_black_unwrap1" },
        "west":  { "uv": [ 4.5, 13, 11.5, 13.5 ], "texture": "#carpet_black_unwrap2" },
        "east":  { "uv": [ 4.5, 13, 11.5, 13.5 ], "texture": "#carpet_black_unwrap4" }
    }
},
{
    "from": [ 3, 5.22, 9.74 ],
    "to": [ 13.08, 5.94, 15.5 ],
    "rotation": { "origin": [ 3, 5.94, 9.74 ], "axis": "x", "angle": -22.5 },
    "faces": {
        "down":  { "uv": [ 11.5, 13.5, 4.5, 13 ], "texture": "#carpet_black_unwrap1" },
        "north": { "uv": [ 4.5, 13, 11.5, 13.5 ], "texture": "#carpet_black_unwrap5" },
        "south": { "uv": [ 4.5, 13, 11.5, 13.5 ], "texture": "#carpet_black_unwrap1" },
        "west":  { "uv": [ 6, 13, 10, 13.5 ], "texture": "#carpet_black_unwrap2" },
        "east":  { "uv": [ 6, 13, 10, 13.5 ], "texture": "#carpet_black_unwrap4" }
    }
},
{
    "from": [ 3.75, 4.68, 8.61 ],
    "to": [ 12.39, 5.4, 17.25 ],
    "rotation": { "origin": [ 3.75, 5.4, 8.61 ], "axis": "x", "angle": -22.5 },
    "faces": {
        "down":  { "uv": [ 11, 13.5, 5, 13 ], "texture": "#carpet_black_unwrap1" },
        "north": { "uv": [ 5, 13, 11, 13.5 ], "texture": "#carpet_black_unwrap5" },
        "south": { "uv": [ 5, 13, 11, 13.5 ], "texture": "#carpet_black_unwrap1" },
        "west":  { "uv": [ 5, 13, 11, 13.5 ], "texture": "#carpet_black_unwrap2" },
        "east":  { "uv": [ 5, 13, 11, 13.5 ], "texture": "#carpet_black_unwrap4" }
    }
},
{
    "from": [ 0, 14.04, 6.18 ],
    "to": [ 15.84, 16.2, 10.5 ],
    "rotation": { "origin": [ 0, 16.2, 6.18 ], "axis": "x", "angle": -22.5 },
    "faces": {
        "down":  { "uv": [ 13.5, 7, 2.5, 6.5 ], "texture": "#carpet_black_unwrap1" },
        "up":    { "uv": [ 2.5, 5.5, 13.5, 6 ], "texture": "#carpet_black_unwrap1" },
        "north": { "uv": [ 13.5, 5.5, 2.5, 7 ], "texture": "#carpet_black_unwrap5" },
        "south": { "uv": [ 2.5, 5.5, 13.5, 7 ], "texture": "#carpet_black_unwrap1" }
    }
},
{
    "from": [ 0, 13.5, 6.87 ],
    "to": [ 15.84, 17.1, 9.75 ],
    "rotation": { "origin": [ 0, 17.1, 6.87 ], "axis": "x", "angle": -22.5 },
    "faces": {
        "down":  { "uv": [ 13.5, 7.5, 2.5, 7 ], "texture": "#carpet_black_unwrap1" },
        "up":    { "uv": [ 2.5, 5, 13.5, 5.5 ], "texture": "#carpet_black_unwrap1" },
        "north": { "uv": [ 13.5, 5, 2.5, 7.5 ], "texture": "#carpet_black_unwrap5" },
        "south": { "uv": [ 2.5, 5, 13.5, 7.5 ], "texture": "#carpet_black_unwrap1" }
    }
},
{
    "from": [ 3, 4.68, 1.67 ],
    "to": [ 13.08, 19.8, 11.75 ],
    "rotation": { "origin": [ 3, 19.8, 1.67 ], "axis": "x", "angle": -22.5 },
    "faces": {
        "down":  { "uv": [ 11.5, 12.5, 4.5, 12 ], "texture": "#carpet_black_unwrap1" },
        "up":    { "uv": [ 4.5, 2, 11.5, 2.5 ], "texture": "#carpet_black_unwrap1" },
        "north": { "uv": [ 4.5, 2, 11.5, 12.5 ], "texture": "#carpet_black_unwrap5" },
        "south": { "uv": [ 4.5, 2, 11.5, 12.5 ], "texture": "#carpet_black_unwrap1" },
        "west":  { "uv": [ 4.5, 2, 11.5, 12.5 ], "texture": "#carpet_black_unwrap2" },
        "east":  { "uv": [ 4.5, 2, 11.5, 12.5 ], "texture": "#carpet_black_unwrap4" }
    }
},
{
    "from": [ 3, 5.31, 8.36 ],
    "to": [ 13.08, 6.03, 17 ],
    "rotation": { "origin": [ 3, 6.03, 8.36 ], "axis": "x", "angle": -22.5 },
    "faces": {
        "down":  { "uv": [ 11.5, 13, 4.5, 12.5 ], "texture": "#carpet_black_unwrap1" },
        "north": { "uv": [ 4.5, 12.5, 11.5, 13 ], "texture": "#carpet_black_unwrap5" },
        "south": { "uv": [ 4.5, 12.5, 11.5, 13 ], "texture": "#carpet_black_unwrap1" },
        "west":  { "uv": [ 5, 12.5, 11, 13 ], "texture": "#carpet_black_unwrap2" },
        "east":  { "uv": [ 5, 12.5, 11, 13 ], "texture": "#carpet_black_unwrap4" }
    }
},
{
    "__comment": "Head",
    "from": [ 1.5, 21.06, 4.62 ],
    "to": [ 14.46, 22.5, 7.5 ],
    "rotation": { "origin": [ 1.5, 22.5, 4.62 ], "axis": "x", "angle": -22.5 },
    "faces": {
        "north": { "uv": [ 12.5, 6, 3.5, 7 ], "texture": "#carpet_black_unwrap3" },
        "south": { "uv": [ 3.5, 6, 12.5, 7 ], "texture": "#carpet_black_unwrap3" },
        "west":  { "uv": [ 7, 13, 9, 14 ], "texture": "#carpet_black_unwrap3" },
        "east":  { "uv": [ 9, 13, 7, 14 ], "texture": "#carpet_black_unwrap3" }
    }
},
{
    "__comment": "Head",
    "from": [ 6.5, 19.08, -0.21 ],
    "to": [ 9.38, 20.52, 12.75 ],
    "rotation": { "origin": [ 6.5, 20.52, -0.21 ], "axis": "x", "angle": -22.5 },
    "faces": {
        "north": { "uv": [ 9, 6, 7, 7 ], "texture": "#carpet_black_unwrap3" },
        "south": { "uv": [ 7, 6, 9, 7 ], "texture": "#carpet_black_unwrap3" },
        "west":  { "uv": [ 3.5, 13, 12.5, 14 ], "texture": "#carpet_black_unwrap3" },
        "east":  { "uv": [ 12.5, 13, 3.5, 14 ], "texture": "#carpet_black_unwrap3" }
    }
},
{
    "__comment": "Head",
    "from": [ 2.25, 20.43, 3.24 ],
    "to": [ 13.77, 21.87, 9 ],
    "rotation": { "origin": [ 2.25, 21.87, 3.24 ], "axis": "x", "angle": -22.5 },
    "faces": {
        "north": { "uv": [ 12, 6, 4, 7 ], "texture": "#carpet_black_unwrap3" },
        "south": { "uv": [ 4, 6, 12, 7 ], "texture": "#carpet_black_unwrap3" },
        "west":  { "uv": [ 6, 13, 10, 14 ], "texture": "#carpet_black_unwrap3" },
        "east":  { "uv": [ 10, 13, 6, 14 ], "texture": "#carpet_black_unwrap3" }
    }
},
{
    "__comment": "Head",
    "from": [ 5, 19.35, 0.48 ],
    "to": [ 10.76, 20.79, 12 ],
    "rotation": { "origin": [ 5, 20.79, 0.48 ], "axis": "x", "angle": -22.5 },
    "faces": {
        "north": { "uv": [ 10, 6, 6, 7 ], "texture": "#carpet_black_unwrap3" },
        "south": { "uv": [ 6, 6, 10, 7 ], "texture": "#carpet_black_unwrap3" },
        "west":  { "uv": [ 4, 13, 12, 14 ], "texture": "#carpet_black_unwrap3" },
        "east":  { "uv": [ 12, 13, 4, 14 ], "texture": "#carpet_black_unwrap3" }
    }
},
{
    "__comment": "Head",
    "from": [ 3.75, 19.62, 1.17 ],
    "to": [ 12.39, 21.06, 11.25 ],
    "rotation": { "origin": [ 3.75, 21.06, 1.17 ], "axis": "x", "angle": -22.5 },
    "faces": {
        "north": { "uv": [ 11, 6, 5, 7 ], "texture": "#carpet_black_unwrap3" },
        "south": { "uv": [ 5, 6, 11, 7 ], "texture": "#carpet_black_unwrap3" },
        "west":  { "uv": [ 4.5, 13, 11.5, 14 ], "texture": "#carpet_black_unwrap3" },
        "east":  { "uv": [ 11.5, 13, 4.5, 14 ], "texture": "#carpet_black_unwrap3" }
    }
},
{
    "__comment": "Head",
    "from": [ 3, 19.89, 2.11 ],
    "to": [ 13.08, 21.33, 10.75 ],
    "rotation": { "origin": [ 3, 21.33, 2.11 ], "axis": "x", "angle": -22.5 },
    "faces": {
        "north": { "uv": [ 11.5, 6, 4.5, 7 ], "texture": "#carpet_black_unwrap3" },
        "south": { "uv": [ 4.5, 6, 11.5, 7 ], "texture": "#carpet_black_unwrap3" },
        "west":  { "uv": [ 5, 6, 11, 7 ], "texture": "#carpet_black_unwrap3" },
        "east":  { "uv": [ 11, 6, 5, 7 ], "texture": "#carpet_black_unwrap3" }
    }
},
{
    "__comment": "Head",
    "from": [ 6.5, 19.98, -2.15 ],
    "to": [ 9.38, 23.58, 12.25 ],
    "rotation": { "origin": [ 6.5, 23.58, -2.15 ], "axis": "x", "angle": -22.5 },
    "faces": {
        "down":  { "uv": [ 9, 6, 7, 5.5 ], "texture": "#carpet_black_unwrap3" },
        "up":    { "uv": [ 7, 2.5, 9, 4 ], "texture": "#carpet_black_unwrap3" },
        "north": { "uv": [ 9, 10.5, 8.5, 13 ], "texture": "#carpet_black_unwrap3" },
        "south": { "uv": [ 7, 3.5, 9, 6 ], "texture": "#carpet_black_unwrap3" },
        "west":  { "uv": [ 3, 10.5, 13, 13 ], "texture": "#carpet_black_unwrap3" },
        "east":  { "uv": [ 13, 10.5, 3, 13 ], "texture": "#carpet_black_unwrap3" }
    }
},
{
    "__comment": "Head",
    "from": [ 0.75, 22.23, 3.37 ],
    "to": [ 15.15, 25.83, 6.25 ],
    "rotation": { "origin": [ 0.75, 25.83, 3.37 ], "axis": "x", "angle": -22.5 },
    "faces": {
        "down":  { "uv": [ 9, 13, 7, 12.5 ], "rotation": 90, "texture": "#carpet_black_unwrap3" },
        "up":    { "uv": [ 7, 10, 9, 10.5 ], "rotation": 90, "texture": "#carpet_black_unwrap3" },
        "north": { "uv": [ 13, 3.5, 3, 6 ], "texture": "#carpet_black_unwrap3" },
        "south": { "uv": [ 3, 3.5, 13, 6 ], "texture": "#carpet_black_unwrap3" },
        "west":  { "uv": [ 7, 10.5, 9, 13 ], "texture": "#carpet_black_unwrap3" },
        "east":  { "uv": [ 9, 10.5, 7, 13 ], "texture": "#carpet_black_unwrap3" }
    }
},
{
    "__comment": "Head",
    "from": [ 5, 20.25, -1.46 ],
    "to": [ 10.76, 23.85, 11.5 ],
    "rotation": { "origin": [ 5, 23.85, -1.46 ], "axis": "x", "angle": -22.5 },
    "faces": {
        "down":  { "uv": [ 10, 13, 6, 12.5 ], "texture": "#carpet_black_unwrap3" },
        "up":    { "uv": [ 6, 3, 10, 4 ], "texture": "#carpet_black_unwrap3" },
        "north": { "uv": [ 10, 10.5, 6, 13 ], "texture": "#carpet_black_unwrap3" },
        "south": { "uv": [ 6, 3.5, 10, 6 ], "texture": "#carpet_black_unwrap3" },
        "west":  { "uv": [ 4.5, 3.5, 5.5, 6 ], "texture": "#carpet_black_unwrap3" },
        "east":  { "uv": [ 12.5, 10.5, 3.5, 13 ], "texture": "#carpet_black_unwrap3" }
    }
},
{
    "__comment": "Head",
    "from": [ 1.5, 21.6, 1.74 ],
    "to": [ 14.46, 25.2, 7.5 ],
    "rotation": { "origin": [ 1.5, 25.2, 1.74 ], "axis": "x", "angle": -22.5 },
    "faces": {
        "down":  { "uv": [ 10, 13, 6, 12.5 ], "rotation": 90, "texture": "#carpet_black_unwrap3" },
        "up":    { "uv": [ 6, 10, 10, 10.5 ], "rotation": 90, "texture": "#carpet_black_unwrap3" },
        "north": { "uv": [ 12.5, 3.5, 3.5, 6 ], "texture": "#carpet_black_unwrap3" },
        "south": { "uv": [ 3.5, 3.5, 12.5, 6 ], "texture": "#carpet_black_unwrap3" },
        "west":  { "uv": [ 6, 10.5, 10, 13 ], "texture": "#carpet_black_unwrap3" },
        "east":  { "uv": [ 10, 10.5, 6, 13 ], "texture": "#carpet_black_unwrap3" }
    }
},
{
    "__comment": "Head",
    "from": [ 3.75, 22.77, 4.49 ],
    "to": [ 12.39, 26.37, 10.25 ],
    "rotation": { "origin": [ 3.75, 26.37, 4.49 ], "axis": "x", "angle": -22.5 },
    "faces": {
        "down":  { "uv": [ 11, 13, 5, 12.5 ], "texture": "#carpet_black_unwrap3" },
        "up":    { "uv": [ 5, 3.5, 11, 4 ], "texture": "#carpet_black_unwrap3" },
        "north": { "uv": [ 11, 10.5, 5, 13 ], "texture": "#carpet_black_unwrap3" },
        "south": { "uv": [ 5, 3.5, 11, 6 ], "texture": "#carpet_black_unwrap3" },
        "west":  { "uv": [ 5, 3.5, 5.5, 6 ], "texture": "#carpet_black_unwrap3" },
        "east":  { "uv": [ 12, 10.5, 11.5, 13 ], "texture": "#carpet_black_unwrap3" }
    }
},
{
    "__comment": "Head",
    "from": [ 2.25, 21.06, 0.61 ],
    "to": [ 13.77, 24.66, 9.25 ],
    "rotation": { "origin": [ 2.25, 24.66, 0.61 ], "axis": "x", "angle": -22.5 },
    "faces": {
        "down":  { "uv": [ 11, 13, 5, 12.5 ], "rotation": 90, "texture": "#carpet_black_unwrap3" },
        "up":    { "uv": [ 4, 12.5, 12, 13 ], "texture": "#carpet_black_unwrap3" },
        "north": { "uv": [ 6.5, 10.5, 6, 13 ], "texture": "#carpet_black_unwrap3" },
        "south": { "uv": [ 4, 3.5, 12, 6 ], "texture": "#carpet_black_unwrap3" },
        "west":  { "uv": [ 5, 10.5, 11, 13 ], "texture": "#carpet_black_unwrap3" },
        "east":  { "uv": [ 11, 10.5, 5, 13 ], "texture": "#carpet_black_unwrap3" }
    }
},
{
    "__comment": "Head",
    "from": [ 3, 20.79, -0.33 ],
    "to": [ 13.08, 24.39, 9.75 ],
    "rotation": { "origin": [ 3, 24.39, -0.33 ], "axis": "x", "angle": -22.5 },
    "faces": {
        "down":  { "uv": [ 11.5, 13, 4.5, 12.5 ], "texture": "#carpet_black_unwrap3" },
        "up":    { "uv": [ 4.5, 10, 11.5, 10.5 ], "texture": "#carpet_black_unwrap3" },
        "north": { "uv": [ 6, 10.5, 5.5, 13 ], "texture": "#carpet_black_unwrap3" },
        "south": { "uv": [ 4.5, 3.5, 11.5, 6 ], "texture": "#carpet_black_unwrap3" },
        "west":  { "uv": [ 4.5, 10.5, 11.5, 13 ], "texture": "#carpet_black_unwrap3" },
        "east":  { "uv": [ 11.5, 10.5, 4.5, 13 ], "texture": "#carpet_black_unwrap3" }
    }
},
{
    "__comment": "Head",
    "from": [ 1.5, 25.74, 2.87 ],
    "to": [ 14.46, 26.46, 5.75 ],
    "rotation": { "origin": [ 1.5, 26.46, 2.87 ], "axis": "x", "angle": -22.5 },
    "faces": {
        "up":    { "uv": [ 7, 10, 9, 10.5 ], "rotation": 90, "texture": "#carpet_black_unwrap3" },
        "north": { "uv": [ 12.5, 3, 3.5, 3.5 ], "texture": "#carpet_black_unwrap3" },
        "south": { "uv": [ 3.5, 3, 12.5, 3.5 ], "texture": "#carpet_black_unwrap3" },
        "west":  { "uv": [ 7, 10, 9, 10.5 ], "texture": "#carpet_black_unwrap3" },
        "east":  { "uv": [ 9, 10, 7, 10.5 ], "texture": "#carpet_black_unwrap3" }
    }
},
{
    "__comment": "Head",
    "from": [ 6.5, 23.85, -1.71 ],
    "to": [ 9.38, 24.57, 11.25 ],
    "rotation": { "origin": [ 6.5, 24.57, -1.71 ], "axis": "x", "angle": -22.5 },
    "faces": {
        "up":    { "uv": [ 7, 2.5, 9, 3 ], "texture": "#carpet_black_unwrap3" },
        "north": { "uv": [ 9, 10, 7, 10.5 ], "texture": "#carpet_black_unwrap3" },
        "south": { "uv": [ 7, 3, 9, 3.5 ], "texture": "#carpet_black_unwrap3" },
        "west":  { "uv": [ 6.5, 3, 7.5, 3.5 ], "texture": "#carpet_black_unwrap3" },
        "east":  { "uv": [ 12.5, 10, 3.5, 10.5 ], "texture": "#carpet_black_unwrap3" }
    }
},
{
    "__comment": "Head",
    "from": [ 5, 24.12, -1.27 ],
    "to": [ 10.76, 24.84, 10.25 ],
    "rotation": { "origin": [ 5, 24.84, -1.27 ], "axis": "x", "angle": -22.5 },
    "faces": {
        "up":    { "uv": [ 6, 5.5, 10, 6 ], "texture": "#carpet_black_unwrap3" },
        "north": { "uv": [ 10, 10, 6, 10.5 ], "texture": "#carpet_black_unwrap3" },
        "south": { "uv": [ 6, 3, 10, 3.5 ], "texture": "#carpet_black_unwrap3" },
        "west":  { "uv": [ 4, 10, 12, 10.5 ], "texture": "#carpet_black_unwrap3" },
        "east":  { "uv": [ 11.5, 10, 4.5, 10.5 ], "texture": "#carpet_black_unwrap3" }
    }
},
{
    "__comment": "Head",
    "from": [ 2.25, 25.2, 1.49 ],
    "to": [ 13.77, 25.92, 7.25 ],
    "rotation": { "origin": [ 2.25, 25.92, 1.49 ], "axis": "x", "angle": -22.5 },
    "faces": {
        "up":    { "uv": [ 6, 10, 10, 10.5 ], "rotation": 90, "texture": "#carpet_black_unwrap3" },
        "north": { "uv": [ 12, 3, 4, 3.5 ], "texture": "#carpet_black_unwrap3" },
        "south": { "uv": [ 4, 3, 12, 3.5 ], "texture": "#carpet_black_unwrap3" },
        "west":  { "uv": [ 6, 10, 10, 10.5 ], "texture": "#carpet_black_unwrap3" },
        "east":  { "uv": [ 10, 10, 6, 10.5 ], "texture": "#carpet_black_unwrap3" }
    }
},
{
    "__comment": "Head",
    "from": [ 3.75, 24.39, -0.58 ],
    "to": [ 12.39, 25.11, 9.5 ],
    "rotation": { "origin": [ 3.75, 25.11, -0.58 ], "axis": "x", "angle": -22.5 },
    "faces": {
        "up":    { "uv": [ 5, 10, 11, 10.5 ], "texture": "#carpet_black_unwrap3" },
        "north": { "uv": [ 11, 10, 5, 10.5 ], "texture": "#carpet_black_unwrap3" },
        "south": { "uv": [ 5, 3, 11, 3.5 ], "texture": "#carpet_black_unwrap3" },
        "west":  { "uv": [ 4.5, 10, 11.5, 10.5 ], "texture": "#carpet_black_unwrap3" },
        "east":  { "uv": [ 11.5, 10, 4.5, 10.5 ], "texture": "#carpet_black_unwrap3" }
    }
},
{
    "__comment": "Head",
    "from": [ 3, 24.66, 0.36 ],
    "to": [ 13.08, 25.38, 9 ],
    "rotation": { "origin": [ 3, 25.38, 0.36 ], "axis": "x", "angle": -22.5 },
    "faces": {
        "up":    { "uv": [ 4.5, 10, 11.5, 10.5 ], "texture": "#carpet_black_unwrap3" },
        "north": { "uv": [ 11.5, 3, 4.5, 3.5 ], "texture": "#carpet_black_unwrap3" },
        "south": { "uv": [ 4.5, 3, 11.5, 3.5 ], "texture": "#carpet_black_unwrap3" },
        "west":  { "uv": [ 5, 10, 11, 10.5 ], "texture": "#carpet_black_unwrap3" },
        "east":  { "uv": [ 11, 10, 5, 10.5 ], "texture": "#carpet_black_unwrap3" }
    }
},
{
    "__comment": "Head",
    "from": [ 6.5, 24.75, -1.52 ],
    "to": [ 9.38, 25.47, 10 ],
    "rotation": { "origin": [ 6.5, 25.47, -1.52 ], "axis": "x", "angle": -22.5 },
    "faces": {
        "up":    { "uv": [ 7, 2.5, 9, 3 ], "texture": "#carpet_black_unwrap3" },
        "north": { "uv": [ 9, 2.5, 7, 3 ], "texture": "#carpet_black_unwrap3" },
        "south": { "uv": [ 7, 2.5, 9, 3 ], "texture": "#carpet_black_unwrap3" },
        "west":  { "uv": [ 4, 9.5, 12, 10 ], "texture": "#carpet_black_unwrap3" },
        "east":  { "uv": [ 12, 9.5, 4, 10 ], "texture": "#carpet_black_unwrap3" }
    }
},
{
    "__comment": "Head",
    "from": [ 2.25, 26.37, 2.62 ],
    "to": [ 13.77, 27.09, 5.5 ],
    "rotation": { "origin": [ 2.25, 27.09, 2.62 ], "axis": "x", "angle": -22.5 },
    "faces": {
        "up":    { "uv": [ 7, 9.5, 9, 10 ], "rotation": 90, "texture": "#carpet_black_unwrap3" },
        "north": { "uv": [ 12, 2.5, 4, 3 ], "texture": "#carpet_black_unwrap3" },
        "south": { "uv": [ 4, 2.5, 12, 3 ], "texture": "#carpet_black_unwrap3" },
        "west":  { "uv": [ 7, 9.5, 9, 10 ], "texture": "#carpet_black_unwrap3" },
        "east":  { "uv": [ 9, 9.5, 7, 10 ], "texture": "#carpet_black_unwrap3" }
    }
},
{
    "__comment": "Head",
    "from": [ 5, 25.02, -0.83 ],
    "to": [ 10.76, 25.74, 9.25 ],
    "rotation": { "origin": [ 5, 25.74, -0.83 ], "axis": "x", "angle": -22.5 },
    "faces": {
        "up":    { "uv": [ 6, 2.5, 10, 3 ], "texture": "#carpet_black_unwrap3" },
        "north": { "uv": [ 10, 2.5, 6, 3 ], "texture": "#carpet_black_unwrap3" },
        "south": { "uv": [ 6, 2.5, 10, 3 ], "texture": "#carpet_black_unwrap3" },
        "west":  { "uv": [ 4.5, 9.5, 11.5, 10 ], "texture": "#carpet_black_unwrap3" },
        "east":  { "uv": [ 11.5, 9.5, 4.5, 10 ], "texture": "#carpet_black_unwrap3" }
    }
},
{
    "__comment": "Head",
    "from": [ 3, 25.83, 1.24 ],
    "to": [ 13.08, 26.55, 7 ],
    "rotation": { "origin": [ 3, 26.55, 1.24 ], "axis": "x", "angle": -22.5 },
    "faces": {
        "up":    { "uv": [ 6, 9.5, 10, 10 ], "rotation": 90, "texture": "#carpet_black_unwrap3" },
        "north": { "uv": [ 11.5, 2.5, 4.5, 3 ], "texture": "#carpet_black_unwrap3" },
        "south": { "uv": [ 4.5, 2.5, 11.5, 3 ], "texture": "#carpet_black_unwrap3" },
        "west":  { "uv": [ 6, 9.5, 10, 10 ], "texture": "#carpet_black_unwrap3" },
        "east":  { "uv": [ 10, 9.5, 6, 10 ], "texture": "#carpet_black_unwrap3" }
    }
},
{
    "__comment": "Head",
    "from": [ 3.75, 25.29, 0.11 ],
    "to": [ 12.39, 26.01, 8.75 ],
    "rotation": { "origin": [ 3.75, 26.01, 0.11 ], "axis": "x", "angle": -22.5 },
    "faces": {
        "up":    { "uv": [ 4.5, 2.5, 5, 3 ], "texture": "#carpet_black_unwrap3" },
        "north": { "uv": [ 11, 2.5, 5, 3 ], "texture": "#carpet_black_unwrap3" },
        "south": { "uv": [ 5, 2.5, 11, 3 ], "texture": "#carpet_black_unwrap3" },
        "west":  { "uv": [ 5, 9.5, 11, 10 ], "texture": "#carpet_black_unwrap3" },
        "east":  { "uv": [ 11, 9.5, 5, 10 ], "texture": "#carpet_black_unwrap3" }
    }
},
{
    "__comment": "Head",
    "from": [ 6.5, 25.65, -0.97 ],
    "to": [ 9.38, 26.37, -0.25 ],
    "rotation": { "origin": [ 6.5, 26.37, -0.97 ], "axis": "x", "angle": -22.5 },
    "faces": {
        "up":    { "uv": [ 7, 2, 9, 2.5 ], "texture": "#carpet_black_unwrap3" },
        "north": { "uv": [ 9, 2, 7, 2.5 ], "texture": "#carpet_black_unwrap3" },
        "west":  { "uv": [ 4.5, 9, 5, 9.5 ], "texture": "#carpet_black_unwrap3" },
        "east":  { "uv": [ 5, 9, 4.5, 9.5 ], "texture": "#carpet_black_unwrap3" }
    }
},
{
    "__comment": "Head",
    "from": [ 3, 27.09, 2.37 ],
    "to": [ 3.72, 27.81, 5.25 ],
    "rotation": { "origin": [ 3, 27.81, 2.37 ], "axis": "x", "angle": -22.5 },
    "faces": {
        "up":    { "uv": [ 7, 9, 9, 9.5 ], "rotation": 90, "texture": "#carpet_black_unwrap3" },
        "north": { "uv": [ 5, 2, 4.5, 2.5 ], "texture": "#carpet_black_unwrap3" },
        "south": { "uv": [ 4.5, 2, 5, 2.5 ], "texture": "#carpet_black_unwrap3" },
        "west":  { "uv": [ 7, 9, 9, 9.5 ], "texture": "#carpet_black_unwrap3" }
    }
},
{
    "__comment": "Head",
    "from": [ 3.75, 26.55, 0.99 ],
    "to": [ 4.47, 27.27, 6.75 ],
    "rotation": { "origin": [ 3.75, 27.27, 0.99 ], "axis": "x", "angle": -22.5 },
    "faces": {
        "up":    { "uv": [ 6, 9.5, 10, 10 ], "rotation": 90, "texture": "#carpet_black_unwrap3" },
        "north": { "uv": [ 5.5, 2, 5, 2.5 ], "texture": "#carpet_black_unwrap3" },
        "south": { "uv": [ 5, 2, 5.5, 2.5 ], "texture": "#carpet_black_unwrap3" },
        "west":  { "uv": [ 6, 9, 10, 9.5 ], "texture": "#carpet_black_unwrap3" }
    }
},
{
    "__comment": "Head",
    "from": [ 5, 25.92, -0.22 ],
    "to": [ 10.76, 26.64, 0.5 ],
    "rotation": { "origin": [ 5, 26.64, -0.22 ], "axis": "x", "angle": -22.5 },
    "faces": {
        "up":    { "uv": [ 6, 2.5, 10, 3 ], "texture": "#carpet_black_unwrap3" },
        "north": { "uv": [ 10, 2, 6, 2.5 ], "texture": "#carpet_black_unwrap3" },
        "west":  { "uv": [ 5, 9, 5.5, 9.5 ], "texture": "#carpet_black_unwrap3" },
        "east":  { "uv": [ 5.5, 9, 5, 9.5 ], "texture": "#carpet_black_unwrap3" }
    }
},
{
    "__comment": "Head",
    "from": [ 4.5, 26.28, 0.3 ],
    "to": [ 11.7, 27, 7.5 ],
    "rotation": { "origin": [ 4.5, 27, 0.3 ], "axis": "x", "angle": -22.5 },
    "faces": {
        "up":    { "uv": [ 5, 2, 5.5, 2.5 ], "texture": "#carpet_black_unwrap3" },
        "north": { "uv": [ 10.5, 2, 5.5, 2.5 ], "texture": "#carpet_black_unwrap3" },
        "south": { "uv": [ 5.5, 2, 10.5, 2.5 ], "texture": "#carpet_black_unwrap3" },
        "west":  { "uv": [ 5.5, 9, 10.5, 9.5 ], "texture": "#carpet_black_unwrap3" },
        "east":  { "uv": [ 10.5, 9, 5.5, 9.5 ], "texture": "#carpet_black_unwrap3" }
    }
},
{
    "__comment": "Head",
    "from": [ 11.5, 26.55, 0.99 ],
    "to": [ 12.22, 27.27, 6.75 ],
    "rotation": { "origin": [ 11.5, 27.27, 0.99 ], "axis": "x", "angle": -22.5 },
    "faces": {
        "up":    { "uv": [ 6, 2.5, 10, 3 ], "rotation": 90, "texture": "#carpet_black_unwrap3" },
        "north": { "uv": [ 11, 2, 10.5, 2.5 ], "texture": "#carpet_black_unwrap3" },
        "south": { "uv": [ 10.5, 2, 11, 2.5 ], "texture": "#carpet_black_unwrap3" },
        "east":  { "uv": [ 10, 9.5, 6, 10 ], "texture": "#carpet_black_unwrap3" }
    }
},
{
    "__comment": "Head",
    "from": [ 5, 28.98, 7.03 ],
    "to": [ 10.76, 29.7, 7.75 ],
    "rotation": { "origin": [ 5, 29.7, 7.03 ], "axis": "x", "angle": -22.5 },
    "faces": {
        "up":    { "uv": [ 6, 9.5, 10, 10 ], "texture": "#carpet_black_unwrap3" },
        "south": { "uv": [ 6, 2, 10, 2.5 ], "texture": "#carpet_black_unwrap3" },
        "west":  { "uv": [ 10.5, 9, 11, 9.5 ], "texture": "#carpet_black_unwrap3" },
        "east":  { "uv": [ 11, 9, 10.5, 9.5 ], "texture": "#carpet_black_unwrap3" }
    }
},
{
    "__comment": "Head*",
    "from": [ 6.5, 29.25, 7.78 ],
    "to": [ 9.38, 29.97, 8.5 ],
    "rotation": { "origin": [ 6.5, 29.97, 7.78 ], "axis": "x", "angle": -22.5 },
    "faces": {
        "up":    { "uv": [ 7, 2, 9, 2.5 ], "texture": "#carpet_black_unwrap3" },
        "south": { "uv": [ 7, 2, 9, 2.5 ], "texture": "#carpet_black_unwrap3" },
        "west":  { "uv": [ 11, 9, 11.5, 9.5 ], "texture": "#carpet_black_unwrap3" },
        "east":  { "uv": [ 11.5, 9, 11, 9.5 ], "texture": "#carpet_black_unwrap3" }
    }
},
{
    "__comment": "Head*",
    "from": [ 12.25, 27.09, 2.37 ],
    "to": [ 12.97, 27.81, 5.25 ],
    "rotation": { "origin": [ 12.25, 27.81, 2.37 ], "axis": "x", "angle": -22.5 },
    "faces": {
        "up":    { "uv": [ 7, 9, 9, 9.5 ], "rotation": 90, "texture": "#carpet_black_unwrap3" },
        "north": { "uv": [ 11.5, 2, 11, 2.5 ], "texture": "#carpet_black_unwrap3" },
        "south": { "uv": [ 11, 2, 11.5, 2.5 ], "texture": "#carpet_black_unwrap3" },
        "east":  { "uv": [ 9, 9, 7, 9.5 ], "texture": "#carpet_black_unwrap3" }
    }
},
{
    "__comment": "Head*",
    "from": [ 3.75, 20.52, -0.76 ],
    "to": [ 12.39, 24.12, 5 ],
    "rotation": { "origin": [ 3.75, 24.12, -0.76 ], "axis": "x", "angle": -22.5 },
    "faces": {
        "down":  { "uv": [ 11, 13, 5, 12.5 ], "texture": "#carpet_black_unwrap3" },
        "up":    { "uv": [ 5, 10, 11, 10.5 ], "texture": "#carpet_black_unwrap3" },
        "north": { "uv": [ 11, 10.5, 5, 13 ], "texture": "#carpet_black_unwrap3" },
        "south": { "uv": [ 5, 3.5, 11, 6 ], "texture": "#carpet_black_unwrap3" },
        "west":  { "uv": [ 4.5, 3.5, 5.5, 6 ], "texture": "#carpet_black_unwrap3" },
        "east":  { "uv": [ 12, 10.5, 4, 13 ], "texture": "#carpet_black_unwrap3" }
    }
},
{
    "__comment": "Head",
    "from": [ 4.5, 28.26, 8.78 ],
    "to": [ 5.22, 28.98, 9.5 ],
    "rotation": { "origin": [ 4.5, 28.98, 8.78 ], "axis": "x", "angle": -22.5 },
    "faces": {
        "up":    { "uv": [ 5.5, 3, 6, 3.5 ], "texture": "#carpet_black_unwrap3" },
        "south": { "uv": [ 5.5, 3, 6, 3.5 ], "texture": "#carpet_black_unwrap3" },
        "west":  { "uv": [ 5.5, 3, 6, 3.5 ], "texture": "#carpet_black_unwrap3" }
    }
},
{
    "__comment": "Head",
    "from": [ 7.25, 28.8, 10.28 ],
    "to": [ 8.69, 29.52, 11 ],
    "rotation": { "origin": [ 7.25, 29.52, 10.28 ], "axis": "x", "angle": -22.5 },
    "faces": {
        "up":    { "uv": [ 7.5, 3, 8.5, 3.5 ], "texture": "#carpet_black_unwrap3" },
        "south": { "uv": [ 7.5, 3, 8.5, 3.5 ], "texture": "#carpet_black_unwrap3" },
        "west":  { "uv": [ 7.5, 3, 8, 3.5 ], "texture": "#carpet_black_unwrap3" },
        "east":  { "uv": [ 8, 3, 8.5, 3.5 ], "texture": "#carpet_black_unwrap3" }
    }
},
{
    "__comment": "Leg (right)",
    "from": [ -2.75, 5.49, 5.65 ],
    "to": [ -0.59, 14.13, 9.25 ],
    "rotation": { "origin": [ -2.75, 14.13, 5.65 ], "axis": "x", "angle": 22.5 },
    "faces": {
        "down":  { "uv": [ 2, 10.5, 3.5, 11 ], "texture": "#carpet_black_unwrap6" },
        "north": { "uv": [ 3.5, 5, 2, 11 ], "texture": "#carpet_black_unwrap6" },
        "south": { "uv": [ 2, 5, 3.5, 11 ], "texture": "#carpet_black_unwrap6" },
        "west":  { "uv": [ 3.5, 5, 6, 11 ], "texture": "#carpet_black_unwrap7" },
        "east":  { "uv": [ 6, 5, 3.5, 11 ], "texture": "#carpet_black_unwrap7" }
    }
},
{
    "__comment": "Leg (right)",
    "from": [ -3.5, 13.68, 7.9 ],
    "to": [ 0.1, 19.44, 11.5 ],
    "rotation": { "origin": [ -3.5, 19.44, 7.9 ], "axis": "x", "angle": 22.5 },
    "faces": {
        "down":  { "uv": [ 4, 5, 1.5, 4.5 ], "texture": "#carpet_black_unwrap6" },
        "up":    { "uv": [ 1.5, 1, 4, 1.5 ], "texture": "#carpet_black_unwrap6" },
        "north": { "uv": [ 4, 1, 1.5, 5 ], "texture": "#carpet_black_unwrap6" },
        "south": { "uv": [ 1.5, 1, 4, 5 ], "texture": "#carpet_black_unwrap6" },
        "west":  { "uv": [ 3.5, 1, 6, 5 ], "texture": "#carpet_black_unwrap7" },
        "east":  { "uv": [ 6, 1, 3.5, 5 ], "texture": "#carpet_black_unwrap7" }
    }
},
{
    "__comment": "Leg (right)",
    "from": [ -3.5, 14.76, 6.96 ],
    "to": [ 0.1, 19.08, 12 ],
    "rotation": { "origin": [ -3.5, 19.08, 6.96 ], "axis": "x", "angle": 22.5 },
    "faces": {
        "down":  { "uv": [ 4, 4.5, 1.5, 4 ], "texture": "#carpet_black_unwrap6" },
        "up":    { "uv": [ 1.5, 1.5, 4, 2 ], "texture": "#carpet_black_unwrap6" },
        "north": { "uv": [ 4, 1.5, 1.5, 4.5 ], "texture": "#carpet_black_unwrap6" },
        "south": { "uv": [ 1.5, 1.5, 4, 4.5 ], "texture": "#carpet_black_unwrap6" },
        "west":  { "uv": [ 3, 1.5, 6.5, 4.5 ], "texture": "#carpet_black_unwrap7" },
        "east":  { "uv": [ 6.5, 1.5, 3, 4.5 ], "texture": "#carpet_black_unwrap7" }
    }
},
{
    "__comment": "Leg (right)",
    "from": [ -3.5, 15.75, 6.02 ],
    "to": [ 0.1, 18.63, 12.5 ],
    "rotation": { "origin": [ -3.5, 18.63, 6.02 ], "axis": "x", "angle": 22.5 },
    "faces": {
        "down":  { "uv": [ 4, 4, 1.5, 3.5 ], "texture": "#carpet_black_unwrap6" },
        "up":    { "uv": [ 1.5, 2, 4, 2.5 ], "texture": "#carpet_black_unwrap6" },
        "north": { "uv": [ 4, 2, 1.5, 4 ], "texture": "#carpet_black_unwrap6" },
        "south": { "uv": [ 1.5, 2, 4, 4 ], "texture": "#carpet_black_unwrap6" },
        "west":  { "uv": [ 2.5, 2, 7, 4 ], "texture": "#carpet_black_unwrap7" },
        "east":  { "uv": [ 7, 2, 2.5, 4 ], "texture": "#carpet_black_unwrap7" }
    }
},
{
    "__comment": "Leg (right)",
    "from": [ -2.75, 5.13, 3.34 ],
    "to": [ -0.59, 5.85, 5.5 ],
    "rotation": { "origin": [ -2.75, 5.85, 3.34 ], "axis": "x", "angle": 22.5 },
    "faces": {
        "north": { "uv": [ 3.5, 11, 2, 11.5 ], "texture": "#carpet_black_unwrap6" },
        "west":  { "uv": [ 4, 11, 5.5, 11.5 ], "texture": "#carpet_black_unwrap7" },
        "east":  { "uv": [ 5.5, 11, 4, 11.5 ], "texture": "#carpet_black_unwrap7" }
    }
},
{
    "__comment": "Leg (right)",
    "from": [ -2.75, 18.99, 7.21 ],
    "to": [ -0.59, 19.71, 12.25 ],
    "rotation": { "origin": [ -2.75, 19.71, 7.21 ], "axis": "x", "angle": 22.5 },
    "faces": {
        "up":    { "uv": [ 2, 1, 3.5, 1.5 ], "rotation": 90, "texture": "#carpet_black_unwrap6" },
        "north": { "uv": [ 3.5, 1, 2, 1.5 ], "texture": "#carpet_black_unwrap6" },
        "south": { "uv": [ 2, 1, 3.5, 1.5 ], "texture": "#carpet_black_unwrap6" },
        "west":  { "uv": [ 3, 1, 6.5, 1.5 ], "texture": "#carpet_black_unwrap7" },
        "east":  { "uv": [ 6.5, 1, 3, 1.5 ], "texture": "#carpet_black_unwrap7" }
    }
},
{
    "__comment": "Leg (right)",
    "from": [ -2.75, 19.08, 9.09 ],
    "to": [ -0.59, 19.8, 11.25 ],
    "rotation": { "origin": [ -2.75, 19.8, 9.09 ], "axis": "x", "angle": 22.5 },
    "faces": {
        "up":    { "uv": [ 2, 0.5, 3.5, 1 ], "texture": "#carpet_black_unwrap6" },
        "north": { "uv": [ 3.5, 0.5, 2, 1 ], "texture": "#carpet_black_unwrap6" },
        "south": { "uv": [ 2, 0.5, 3.5, 1 ], "texture": "#carpet_black_unwrap6" },
        "west":  { "uv": [ 4, 0.5, 5.5, 1 ], "texture": "#carpet_black_unwrap7" },
        "east":  { "uv": [ 5.5, 0.5, 4, 1 ], "texture": "#carpet_black_unwrap7" }
    }
},
{
    "__comment": "Leg (left)",
    "from": [ 16.75, 5.49, 5.65 ],
    "to": [ 18.91, 14.13, 9.25 ],
    "rotation": { "origin": [ 16.75, 14.13, 5.65 ], "axis": "x", "angle": 22.5 },
    "faces": {
        "down":  { "uv": [ 7.5, 10.5, 9, 11 ], "texture": "#carpet_black_unwrap6" },
        "north": { "uv": [ 9, 5, 7.5, 11 ], "texture": "#carpet_black_unwrap6" },
        "south": { "uv": [ 7.5, 5, 9, 11 ], "texture": "#carpet_black_unwrap6" },
        "west":  { "uv": [ 3.5, 5, 6, 11 ], "texture": "#carpet_black_unwrap7" },
        "east":  { "uv": [ 6, 5, 3.5, 11 ], "texture": "#carpet_black_unwrap7" }
    }
},
{
    "__comment": "Leg (left)",
    "from": [ 16.75, 5.13, 3.34 ],
    "to": [ 18.91, 5.85, 5.5 ],
    "rotation": { "origin": [ 16.75, 5.85, 3.34 ], "axis": "x", "angle": 22.5 },
    "faces": {
        "north": { "uv": [ 9, 11, 7.5, 11.5 ], "texture": "#carpet_black_unwrap6" },
        "west":  { "uv": [ 4, 11, 5.5, 11.5 ], "texture": "#carpet_black_unwrap7" },
        "east":  { "uv": [ 5.5, 11, 4, 11.5 ], "texture": "#carpet_black_unwrap7" }
    }
},
{
    "__comment": "Leg (left)",
    "from": [ 16, 13.68, 7.9 ],
    "to": [ 19.6, 19.44, 11.5 ],
    "rotation": { "origin": [ 16, 19.44, 7.9 ], "axis": "x", "angle": 22.5 },
    "faces": {
        "down":  { "uv": [ 9.5, 5, 7, 4.5 ], "texture": "#carpet_black_unwrap6" },
        "up":    { "uv": [ 7, 1, 9.5, 1.5 ], "texture": "#carpet_black_unwrap6" },
        "north": { "uv": [ 9.5, 1, 7, 5 ], "texture": "#carpet_black_unwrap6" },
        "south": { "uv": [ 7, 1, 9.5, 5 ], "texture": "#carpet_black_unwrap6" },
        "west":  { "uv": [ 3.5, 1, 6, 5 ], "texture": "#carpet_black_unwrap7" },
        "east":  { "uv": [ 6, 1, 3.5, 5 ], "texture": "#carpet_black_unwrap7" }
    }
},
{
    "__comment": "Leg (left)",
    "from": [ 16, 14.76, 6.96 ],
    "to": [ 19.6, 19.08, 12 ],
    "rotation": { "origin": [ 16, 19.08, 6.96 ], "axis": "x", "angle": 22.5 },
    "faces": {
        "down":  { "uv": [ 9.5, 4.5, 7, 4 ], "texture": "#carpet_black_unwrap6" },
        "up":    { "uv": [ 7, 1.5, 9.5, 2 ], "texture": "#carpet_black_unwrap6" },
        "north": { "uv": [ 9.5, 1.5, 7, 4.5 ], "texture": "#carpet_black_unwrap6" },
        "south": { "uv": [ 7, 1.5, 9.5, 4.5 ], "texture": "#carpet_black_unwrap6" },
        "west":  { "uv": [ 3, 1.5, 6.5, 4.5 ], "texture": "#carpet_black_unwrap7" },
        "east":  { "uv": [ 6.5, 1.5, 3, 4.5 ], "texture": "#carpet_black_unwrap7" }
    }
},
{
    "__comment": "Leg (left)",
    "from": [ 16, 15.75, 6.02 ],
    "to": [ 19.6, 18.63, 12.5 ],
    "rotation": { "origin": [ 16, 18.63, 6.02 ], "axis": "x", "angle": 22.5 },
    "faces": {
        "down":  { "uv": [ 9.5, 4, 7, 3.5 ], "texture": "#carpet_black_unwrap6" },
        "up":    { "uv": [ 7, 2, 9.5, 2.5 ], "texture": "#carpet_black_unwrap6" },
        "north": { "uv": [ 9.5, 2, 7, 4 ], "texture": "#carpet_black_unwrap6" },
        "south": { "uv": [ 7, 2, 9.5, 4 ], "texture": "#carpet_black_unwrap6" },
        "west":  { "uv": [ 2.5, 2, 7, 4 ], "texture": "#carpet_black_unwrap7" },
        "east":  { "uv": [ 7, 2, 2.5, 4 ], "texture": "#carpet_black_unwrap7" }
    }
},
{
    "__comment": "Leg (left)",
    "from": [ 16.75, 18.99, 7.21 ],
    "to": [ 18.91, 19.71, 12.25 ],
    "rotation": { "origin": [ 16.75, 19.71, 7.21 ], "axis": "x", "angle": 22.5 },
    "faces": {
        "up":    { "uv": [ 7.5, 1, 9, 1.5 ], "rotation": 90, "texture": "#carpet_black_unwrap6" },
        "north": { "uv": [ 9, 1, 7.5, 1.5 ], "texture": "#carpet_black_unwrap6" },
        "south": { "uv": [ 7.5, 1, 9, 1.5 ], "texture": "#carpet_black_unwrap6" },
        "west":  { "uv": [ 3, 1, 6.5, 1.5 ], "texture": "#carpet_black_unwrap7" },
        "east":  { "uv": [ 6.5, 1, 3, 1.5 ], "texture": "#carpet_black_unwrap7" }
    }
},
{
    "__comment": "Leg (left)",
    "from": [ 16.75, 19.08, 9.09 ],
    "to": [ 18.91, 19.8, 11.25 ],
    "rotation": { "origin": [ 16.75, 19.8, 9.09 ], "axis": "x", "angle": 22.5 },
    "faces": {
        "up":    { "uv": [ 7.5, 0.5, 9, 1 ], "texture": "#carpet_black_unwrap6" },
        "north": { "uv": [ 3.5, 0.5, 2, 1 ], "texture": "#carpet_black_unwrap6" },
        "south": { "uv": [ 2, 0.5, 3.5, 1 ], "texture": "#carpet_black_unwrap6" },
        "west":  { "uv": [ 4, 0.5, 5.5, 1 ], "texture": "#carpet_black_unwrap7" },
        "east":  { "uv": [ 5.5, 0.5, 4, 1 ], "texture": "#carpet_black_unwrap7" }
    }
},
{
    "__comment": "Foot",
    "from": [ -5, 0, -0.86 ],
    "to": [ 1.48, 2.16, 8.5 ],
    "faces": {
        "down":  { "uv": [ 5, 16, 0.5, 15.5 ], "texture": "#carpet_black_unwrap6" },
        "up":    { "uv": [ 0.5, 14.5, 5, 15 ], "texture": "#carpet_black_unwrap6" },
        "north": { "uv": [ 5, 14.5, 0.5, 16 ], "texture": "#carpet_black_unwrap6" },
        "south": { "uv": [ 0.5, 14.5, 5, 16 ], "texture": "#carpet_black_unwrap6" },
        "west":  { "uv": [ 1.5, 14.5, 8, 16 ], "texture": "#carpet_black_unwrap7" },
        "east":  { "uv": [ 8, 14.5, 1.5, 16 ], "texture": "#carpet_black_unwrap7" }
    }
},
{
    "__comment": "Foot",
    "from": [ -4.25, 2.16, 0.08 ],
    "to": [ 0.79, 2.88, 8 ],
    "faces": {
        "up":    { "uv": [ 1, 14, 4.5, 14.5 ], "texture": "#carpet_black_unwrap6" },
        "north": { "uv": [ 4.5, 14, 1, 14.5 ], "texture": "#carpet_black_unwrap6" },
        "south": { "uv": [ 1, 14, 4.5, 14.5 ], "texture": "#carpet_black_unwrap6" },
        "west":  { "uv": [ 2, 14, 7.5, 14.5 ], "texture": "#carpet_black_unwrap7" },
        "east":  { "uv": [ 7.5, 14, 2, 14.5 ], "texture": "#carpet_black_unwrap7" }
    }
},
{
    "__comment": "Foot",
    "from": [ -4.25, 2.88, 0.77 ],
    "to": [ 0.79, 3.6, 7.25 ],
    "faces": {
        "up":    { "uv": [ 1, 13.5, 4.5, 14 ], "texture": "#carpet_black_unwrap6" },
        "north": { "uv": [ 4.5, 13.5, 1, 14 ], "texture": "#carpet_black_unwrap6" },
        "south": { "uv": [ 1, 13.5, 4.5, 14 ], "texture": "#carpet_black_unwrap6" },
        "west":  { "uv": [ 2.5, 13.5, 7, 14 ], "texture": "#carpet_black_unwrap7" },
        "east":  { "uv": [ 7, 13.5, 2.5, 14 ], "texture": "#carpet_black_unwrap7" }
    }
},
{
    "__comment": "Foot",
    "from": [ -3.5, 3.6, 1.46 ],
    "to": [ 0.1, 5.04, 6.5 ],
    "faces": {
        "up":    { "uv": [ 1.5, 12.5, 4, 13 ], "texture": "#carpet_black_unwrap6" },
        "north": { "uv": [ 4, 12.5, 1.5, 13.5 ], "texture": "#carpet_black_unwrap6" },
        "south": { "uv": [ 1.5, 12.5, 4, 13.5 ], "texture": "#carpet_black_unwrap6" },
        "west":  { "uv": [ 3, 12.5, 6.5, 13.5 ], "texture": "#carpet_black_unwrap7" },
        "east":  { "uv": [ 6.5, 12.5, 3, 13.5 ], "texture": "#carpet_black_unwrap7" }
    }
},
{
    "__comment": "Foot",
    "from": [ -3.5, 5.04, 1.56 ],
    "to": [ 0.1, 5.76, 3 ],
    "faces": {
        "up":    { "uv": [ 3, 12, 4, 12.5 ], "rotation": 90, "texture": "#carpet_black_unwrap7" },
        "north": { "uv": [ 4, 12, 1.5, 12.5 ], "texture": "#carpet_black_unwrap6" },
        "south": { "uv": [ 3.5, 12, 4, 12.5 ], "texture": "#carpet_black_unwrap7" },
        "west":  { "uv": [ 3, 12, 4, 12.5 ], "texture": "#carpet_black_unwrap7" },
        "east":  { "uv": [ 4, 12, 3, 12.5 ], "texture": "#carpet_black_unwrap7" }
    }
},
{
    "__comment": "Foot",
    "from": [ -3.5, 5.04, 5.06 ],
    "to": [ 0.1, 5.76, 6.5 ],
    "faces": {
        "up":    { "uv": [ 5.5, 12, 6.5, 12.5 ], "rotation": 90, "texture": "#carpet_black_unwrap7" },
        "north": { "uv": [ 6, 12, 5.5, 12.5 ], "texture": "#carpet_black_unwrap7" },
        "south": { "uv": [ 1.5, 12, 4, 12.5 ], "texture": "#carpet_black_unwrap6" },
        "west":  { "uv": [ 5.5, 12, 6.5, 12.5 ], "texture": "#carpet_black_unwrap7" },
        "east":  { "uv": [ 6.5, 12, 5.5, 12.5 ], "texture": "#carpet_black_unwrap7" }
    }
},
{
    "__comment": "Foot*",
    "from": [ 14.5, 0, -0.86 ],
    "to": [ 20.98, 2.16, 8.5 ],
    "faces": {
        "down":  { "uv": [ 10.5, 16, 6, 15.5 ], "texture": "#carpet_black_unwrap6" },
        "up":    { "uv": [ 6, 14.5, 10.5, 15 ], "texture": "#carpet_black_unwrap6" },
        "north": { "uv": [ 10.5, 14.5, 6, 16 ], "texture": "#carpet_black_unwrap6" },
        "south": { "uv": [ 6, 14.5, 10.5, 16 ], "texture": "#carpet_black_unwrap6" },
        "west":  { "uv": [ 1.5, 14.5, 8, 16 ], "texture": "#carpet_black_unwrap7" },
        "east":  { "uv": [ 8, 14.5, 1.5, 16 ], "texture": "#carpet_black_unwrap7" }
    }
},
{
    "__comment": "Foot*",
    "from": [ 15.25, 2.16, 0.08 ],
    "to": [ 20.29, 2.88, 8 ],
    "faces": {
        "up":    { "uv": [ 6.5, 14, 10, 14.5 ], "texture": "#carpet_black_unwrap6" },
        "north": { "uv": [ 10, 14, 6.5, 14.5 ], "texture": "#carpet_black_unwrap6" },
        "south": { "uv": [ 6.5, 14, 10, 14.5 ], "texture": "#carpet_black_unwrap6" },
        "west":  { "uv": [ 2, 14, 7.5, 14.5 ], "texture": "#carpet_black_unwrap7" },
        "east":  { "uv": [ 7.5, 14, 2, 14.5 ], "texture": "#carpet_black_unwrap7" }
    }
},
{
    "__comment": "Foot*",
    "from": [ 15.25, 2.88, 0.77 ],
    "to": [ 20.29, 3.6, 7.25 ],
    "faces": {
        "up":    { "uv": [ 6.5, 13.5, 10, 14 ], "texture": "#carpet_black_unwrap6" },
        "north": { "uv": [ 10, 13.5, 6.5, 14 ], "texture": "#carpet_black_unwrap6" },
        "south": { "uv": [ 6.5, 13.5, 10, 14 ], "texture": "#carpet_black_unwrap6" },
        "west":  { "uv": [ 2.5, 13.5, 7, 14 ], "texture": "#carpet_black_unwrap7" },
        "east":  { "uv": [ 7, 13.5, 2.5, 14 ], "texture": "#carpet_black_unwrap7" }
    }
},
{
    "__comment": "Foot*",
    "from": [ 16, 3.6, 1.46 ],
    "to": [ 19.6, 5.04, 6.5 ],
    "faces": {
        "up":    { "uv": [ 7, 12.5, 9.5, 13 ], "texture": "#carpet_black_unwrap6" },
        "north": { "uv": [ 9.5, 12.5, 7, 13.5 ], "texture": "#carpet_black_unwrap6" },
        "south": { "uv": [ 7, 12.5, 9.5, 13.5 ], "texture": "#carpet_black_unwrap6" },
        "west":  { "uv": [ 3, 12.5, 6.5, 13.5 ], "texture": "#carpet_black_unwrap7" },
        "east":  { "uv": [ 6.5, 12.5, 3, 13.5 ], "texture": "#carpet_black_unwrap7" }
    }
},
{
    "__comment": "Foot*",
    "from": [ 16, 5.04, 5.06 ],
    "to": [ 19.6, 5.76, 6.5 ],
    "faces": {
        "up":    { "uv": [ 5.5, 12, 6.5, 12.5 ], "rotation": 90, "texture": "#carpet_black_unwrap7" },
        "north": { "uv": [ 6, 12, 5.5, 12.5 ], "texture": "#carpet_black_unwrap7" },
        "south": { "uv": [ 7, 12, 9.5, 12.5 ], "texture": "#carpet_black_unwrap6" },
        "west":  { "uv": [ 5.5, 12, 6.5, 12.5 ], "texture": "#carpet_black_unwrap7" },
        "east":  { "uv": [ 6.5, 12, 5.5, 12.5 ], "texture": "#carpet_black_unwrap7" }
    }
},
{
    "__comment": "Foot*",
    "from": [ 16, 5.04, 1.56 ],
    "to": [ 19.6, 5.76, 3 ],
    "faces": {
        "up":    { "uv": [ 3, 12, 4, 12.5 ], "rotation": 90, "texture": "#carpet_black_unwrap7" },
        "north": { "uv": [ 9.5, 12, 7, 12.5 ], "texture": "#carpet_black_unwrap6" },
        "south": { "uv": [ 3.5, 12, 4, 12.5 ], "texture": "#carpet_black_unwrap7" },
        "west":  { "uv": [ 3, 12, 4, 12.5 ], "texture": "#carpet_black_unwrap7" },
        "east":  { "uv": [ 4, 12, 3, 12.5 ], "texture": "#carpet_black_unwrap7" }
    }
},
{
    "from": [ 7, 3.87, 11.84 ],
    "to": [ 9.16, 6.03, 14 ],
    "rotation": { "origin": [ 7, 6.03, 11.84 ], "axis": "x", "angle": -22.5 },
    "faces": {
        "north": { "uv": [ 14, 4, 12.5, 5.5 ], "texture": "#carpet_black_unwrap6" },
        "south": { "uv": [ 12.5, 4, 14, 5.5 ], "texture": "#carpet_black_unwrap6" },
        "west":  { "uv": [ 12.5, 4, 14, 5.5 ], "texture": "#carpet_black_unwrap6" },
        "east":  { "uv": [ 14, 4, 12.5, 5.5 ], "texture": "#carpet_black_unwrap6" }
    }
},
{
    "__comment": "Foot*",
    "from": [ 4.75, 0, 8.64 ],
    "to": [ 11.23, 2.16, 18 ],
    "faces": {
        "down":  { "uv": [ 10.5, 16, 6, 15.5 ], "texture": "#carpet_black_unwrap6" },
        "up":    { "uv": [ 6, 14.5, 10.5, 15 ], "texture": "#carpet_black_unwrap6" },
        "north": { "uv": [ 10.5, 14.5, 6, 16 ], "texture": "#carpet_black_unwrap6" },
        "south": { "uv": [ 6, 14.5, 10.5, 16 ], "texture": "#carpet_black_unwrap6" },
        "west":  { "uv": [ 1.5, 14.5, 8, 16 ], "texture": "#carpet_black_unwrap7" },
        "east":  { "uv": [ 8, 14.5, 1.5, 16 ], "texture": "#carpet_black_unwrap7" }
    }
},
{
    "__comment": "Foot*",
    "from": [ 5.5, 2.16, 9.58 ],
    "to": [ 10.54, 2.88, 17.5 ],
    "faces": {
        "up":    { "uv": [ 6.5, 14, 10, 14.5 ], "texture": "#carpet_black_unwrap6" },
        "north": { "uv": [ 10, 14, 6.5, 14.5 ], "texture": "#carpet_black_unwrap6" },
        "south": { "uv": [ 6.5, 14, 10, 14.5 ], "texture": "#carpet_black_unwrap6" },
        "west":  { "uv": [ 2, 14, 7.5, 14.5 ], "texture": "#carpet_black_unwrap7" },
        "east":  { "uv": [ 7.5, 14, 2, 14.5 ], "texture": "#carpet_black_unwrap7" }
    }
},
{
    "__comment": "Foot*",
    "from": [ 5.5, 2.88, 10.27 ],
    "to": [ 10.54, 3.6, 16.75 ],
    "faces": {
        "up":    { "uv": [ 6.5, 13.5, 10, 14 ], "texture": "#carpet_black_unwrap6" },
        "north": { "uv": [ 10, 13.5, 6.5, 14 ], "texture": "#carpet_black_unwrap6" },
        "south": { "uv": [ 6.5, 13.5, 10, 14 ], "texture": "#carpet_black_unwrap6" },
        "west":  { "uv": [ 2.5, 13.5, 7, 14 ], "texture": "#carpet_black_unwrap7" },
        "east":  { "uv": [ 7, 13.5, 2.5, 14 ], "texture": "#carpet_black_unwrap7" }
    }
},
{
    "__comment": "Foot*",
    "from": [ 6.25, 3.6, 10.96 ],
    "to": [ 9.85, 5.04, 16 ],
    "faces": {
        "north": { "uv": [ 9.5, 12.5, 7, 13.5 ], "texture": "#carpet_black_unwrap6" },
        "south": { "uv": [ 7, 12.5, 9.5, 13.5 ], "texture": "#carpet_black_unwrap6" },
        "west":  { "uv": [ 3, 12.5, 6.5, 13.5 ], "texture": "#carpet_black_unwrap7" },
        "east":  { "uv": [ 6.5, 12.5, 3, 13.5 ], "texture": "#carpet_black_unwrap7" }
    }
},
{
    "__comment": "Foot*",
    "from": [ 6.25, 5.04, 14.56 ],
    "to": [ 9.85, 5.76, 16 ],
    "faces": {
        "up":    { "uv": [ 5.5, 12, 6.5, 12.5 ], "rotation": 90, "texture": "#carpet_black_unwrap7" },
        "north": { "uv": [ 6, 12, 5.5, 12.5 ], "texture": "#carpet_black_unwrap7" },
        "south": { "uv": [ 7, 12, 9.5, 12.5 ], "texture": "#carpet_black_unwrap6" },
        "west":  { "uv": [ 5.5, 12, 6.5, 12.5 ], "texture": "#carpet_black_unwrap7" },
        "east":  { "uv": [ 6.5, 12, 5.5, 12.5 ], "texture": "#carpet_black_unwrap7" }
    }
},
{
    "__comment": "Foot*",
    "from": [ 6.25, 5.04, 11.06 ],
    "to": [ 9.85, 5.76, 12.5 ],
    "faces": {
        "up":    { "uv": [ 3, 12, 4, 12.5 ], "rotation": 90, "texture": "#carpet_black_unwrap7" },
        "north": { "uv": [ 9.5, 12, 7, 12.5 ], "texture": "#carpet_black_unwrap6" },
        "south": { "uv": [ 3.5, 12, 4, 12.5 ], "texture": "#carpet_black_unwrap7" },
        "west":  { "uv": [ 3, 12, 4, 12.5 ], "texture": "#carpet_black_unwrap7" },
        "east":  { "uv": [ 4, 12, 3, 12.5 ], "texture": "#carpet_black_unwrap7" }
    }
}
],
"display": {
    "head": {
        "rotation": [ 0, 180, 0 ],
        "translation": [ 0, -15.2, 0 ],
        "scale": [ 1.7, 1.7, 1.7 ]
    },
    "gui": {
        "rotation": [ -30, 135, 0 ],
        "translation": [ 0, -3.5, 0 ],
        "scale": [ 0.82, 0.82, 0.82 ]
    }
}
}