{
"__comment": "Designed by Roddan with BDcraft Cubik PRO 0.92 Beta - http://bdcraft.net",
"ambientocclusion": false,
"textures": {
    "texture": "blocks/carpet_brown",
    "Wookie Unwrapped Side": "blocks/carpet_brown_2"
},
"elements": [ 
{
    "from": [ 6, 0, 13 ],
    "to": [ 9, 1, 16 ],
    "faces": {
        "down":  { "uv": [ 7, 12.5, 8.5, 13 ], "texture": "#texture" },
        "north": { "uv": [ 8.5, 12.5, 7, 13 ], "texture": "#texture" },
        "south": { "uv": [ 7, 12.5, 8.5, 13 ], "texture": "#texture" },
        "west":  { "uv": [ 6.5, 11.5, 7, 12 ], "texture": "#Wookie Unwrapped Side" },
        "east":  { "uv": [ 6.5, 11.5, 7, 12 ], "texture": "#Wookie Unwrapped Side" }
    }
},
{
    "from": [ 5, 1, 12 ],
    "to": [ 11, 2, 16 ],
    "faces": {
        "down":  { "uv": [ 6.5, 12, 9.5, 12.5 ], "texture": "#texture" },
        "north": { "uv": [ 9.5, 12, 6.5, 12.5 ], "texture": "#texture" },
        "south": { "uv": [ 6.5, 12, 9.5, 12.5 ], "texture": "#texture" },
        "west":  { "uv": [ 5, 11, 5.5, 11.5 ], "texture": "#Wookie Unwrapped Side" },
        "east":  { "uv": [ 5.5, 11, 6, 11.5 ], "texture": "#Wookie Unwrapped Side" }
    }
},
{
    "from": [ 4.5, 2, 11 ],
    "to": [ 13, 3, 16 ],
    "faces": {
        "down":  { "uv": [ 6.25, 11.5, 10.5, 12 ], "texture": "#texture" },
        "up":    { "uv": [ 6.25, 11.5, 10.5, 12 ], "texture": "#texture" },
        "north": { "uv": [ 10.5, 11.5, 6.25, 12 ], "texture": "#texture" },
        "south": { "uv": [ 6.25, 11.5, 10.5, 12 ], "texture": "#texture" },
        "west":  { "uv": [ 10, 11, 10.5, 11.5 ], "texture": "#Wookie Unwrapped Side" },
        "east":  { "uv": [ 10, 11, 10.5, 11.5 ], "texture": "#Wookie Unwrapped Side" }
    }
},
{
    "from": [ 1, 3.5, -2 ],
    "to": [ 15, 6, 14 ],
    "faces": {
        "down":  { "uv": [ 4.75, 10, 9, 11.25 ], "texture": "#texture" },
        "south": { "uv": [ 4.5, 10, 11.5, 11.25 ], "texture": "#texture" },
        "west":  { "uv": [ 11.5, 10, 3.75, 11.25 ], "texture": "#Wookie Unwrapped Side" },
        "east":  { "uv": [ 3.75, 10, 11.5, 11.25 ], "texture": "#Wookie Unwrapped Side" }
    }
},
{
    "from": [ 1, 6, -3 ],
    "to": [ 15, 7, 15 ],
    "faces": {
        "down":  { "uv": [ 4.25, 5.75, 5.25, 6.25 ], "texture": "#texture" },
        "up":    { "uv": [ 4.25, 5.75, 5.25, 6.25 ], "texture": "#texture" },
        "north": { "uv": [ 10.5, 10, 5.5, 10.5 ], "texture": "#texture" },
        "south": { "uv": [ 5.5, 10, 10.5, 10.5 ], "texture": "#texture" },
        "west":  { "uv": [ 12, 9.5, 3, 10 ], "texture": "#Wookie Unwrapped Side" },
        "east":  { "uv": [ 3, 9.5, 12, 10 ], "texture": "#Wookie Unwrapped Side" }
    }
},
{
    "from": [ -0.5, 2, -3 ],
    "to": [ 2, 3.5, 2 ],
    "faces": {
        "down":  { "uv": [ 16, 2, 14, 0 ], "texture": "#texture" },
        "up":    { "uv": [ 0, 0, 2, 2 ], "texture": "#texture" },
        "north": { "uv": [ 14, 12.5, 16, 14 ], "texture": "#texture" },
        "south": { "uv": [ 0, 12.5, 2, 14 ], "texture": "#texture" },
        "west":  { "uv": [ 0, 12.5, 2, 14 ], "texture": "#Wookie Unwrapped Side" },
        "east":  { "uv": [ 14, 12.5, 16, 14 ], "texture": "#Wookie Unwrapped Side" }
    }
},
{
    "from": [ -0.5, 1, -2 ],
    "to": [ 1, 2, 1 ],
    "faces": {
        "down":  { "uv": [ 16, 1, 15, 0 ], "texture": "#texture" },
        "north": { "uv": [ 15, 14, 16, 15 ], "texture": "#texture" },
        "south": { "uv": [ 0, 14, 1, 15 ], "texture": "#texture" },
        "west":  { "uv": [ 0, 14, 1, 15 ], "texture": "#Wookie Unwrapped Side" },
        "east":  { "uv": [ 15, 14, 16, 15 ], "texture": "#Wookie Unwrapped Side" }
    }
},
{
    "from": [ -1, 0.5, -2 ],
    "to": [ 0.5, 2, 0 ],
    "faces": {
        "down":  { "uv": [ 16, 0, 15.5, 0 ], "texture": "#texture" },
        "up":    { "uv": [ 0, 0, 0.5, 0 ], "texture": "#texture" },
        "north": { "uv": [ 15.5, 14, 16, 15.5 ], "texture": "#texture" },
        "south": { "uv": [ 0, 14, 0.5, 15.5 ], "texture": "#texture" },
        "west":  { "uv": [ 0, 14, 0, 15.5 ], "texture": "#Wookie Unwrapped Side" },
        "east":  { "uv": [ 16, 14, 16, 15.5 ], "texture": "#Wookie Unwrapped Side" }
    }
},
{
    "from": [ -1.5, 0.5, -2 ],
    "to": [ 0, 1, -1 ],
    "faces": {
        "down":  { "uv": [ 16, 0, 16, 0 ], "texture": "#texture" },
        "up":    { "uv": [ 0, 0, 0, 0 ], "texture": "#texture" },
        "north": { "uv": [ 16, 15, 16, 15.5 ], "texture": "#texture" },
        "south": { "uv": [ 0, 15, 0, 15.5 ], "texture": "#texture" },
        "west":  { "uv": [ 0, 15, 0, 15.5 ], "texture": "#Wookie Unwrapped Side" },
        "east":  { "uv": [ 16, 15, 16, 15.5 ], "texture": "#Wookie Unwrapped Side" }
    }
},
{
    "from": [ 1, 6, -1 ],
    "to": [ 15, 7, 13 ],
    "faces": {
        "up":    { "uv": [ 1, 0, 15, 13 ], "texture": "#texture" },
        "south": { "uv": [ 1, 9, 15, 10 ], "texture": "#texture" },
        "west":  { "uv": [ 0, 9, 13, 10 ], "texture": "#Wookie Unwrapped Side" },
        "east":  { "uv": [ 3, 9, 16, 10 ], "texture": "#Wookie Unwrapped Side" }
    }
},
{
    "from": [ 2.5, 3, 14 ],
    "to": [ 13.5, 7, 16 ],
    "faces": {
        "down":  { "uv": [ 4.5, 5.5, 5.5, 6 ], "texture": "#texture" },
        "up":    { "uv": [ 4.5, 5.5, 5.5, 6 ], "texture": "#texture" },
        "north": { "uv": [ 5.25, 9.5, 10.75, 11.5 ], "texture": "#texture" },
        "south": { "uv": [ 10.75, 9.5, 5.25, 11.5 ], "texture": "#texture" },
        "west":  { "uv": [ 12.5, 10, 11.5, 11.5 ], "texture": "#Wookie Unwrapped Side" },
        "east":  { "uv": [ 11.5, 10, 12.5, 11.5 ], "texture": "#Wookie Unwrapped Side" }
    }
},
{
    "from": [ 1, 4, 14 ],
    "to": [ 15, 6, 15.5 ],
    "faces": {
        "down":  { "uv": [ 4.5, 9.75, 11.5, 10.75 ], "texture": "#texture" },
        "up":    { "uv": [ 4.5, 9.75, 11.5, 10.75 ], "texture": "#texture" },
        "south": { "uv": [ 4.5, 9.5, 11.5, 10.75 ], "texture": "#texture" },
        "west":  { "uv": [ 11.5, 10.5, 12.5, 11.75 ], "texture": "#Wookie Unwrapped Side" },
        "east":  { "uv": [ 11.5, 10.5, 12.5, 11.75 ], "texture": "#Wookie Unwrapped Side" }
    }
},
{
    "from": [ 14, 3, 14 ],
    "to": [ 15, 4, 15 ],
    "faces": {
        "down":  { "uv": [ 2, 15, 1, 14 ], "texture": "#texture" },
        "north": { "uv": [ 1, 12, 2, 13 ], "texture": "#texture" },
        "south": { "uv": [ 14, 12, 15, 13 ], "texture": "#texture" },
        "west":  { "uv": [ 14, 12, 15, 13 ], "texture": "#Wookie Unwrapped Side" },
        "east":  { "uv": [ 1, 12, 2, 13 ], "texture": "#Wookie Unwrapped Side" }
    }
},
{
    "from": [ 1.5, 2, 16 ],
    "to": [ 3, 3, 17 ],
    "faces": {
        "down":  { "uv": [ 4.75, 11.5, 5.5, 12 ], "texture": "#texture" },
        "up":    { "uv": [ 4.75, 11.5, 5.5, 12 ], "texture": "#texture" },
        "north": { "uv": [ 4.75, 11.5, 5.5, 12 ], "texture": "#texture" },
        "south": { "uv": [ 4.75, 11.5, 5.5, 12 ], "texture": "#texture" },
        "west":  { "uv": [ 9, 10, 9.5, 11 ], "texture": "#Wookie Unwrapped Side" },
        "east":  { "uv": [ 9, 10, 9.5, 11 ], "texture": "#Wookie Unwrapped Side" }
    }
},
{
    "from": [ 1, 3, -3 ],
    "to": [ 15, 6, -2 ],
    "faces": {
        "down":  { "uv": [ 5.5, 11, 10.5, 11.5 ], "texture": "#texture" },
        "north": { "uv": [ 10.5, 10, 5.5, 11.5 ], "texture": "#texture" },
        "west":  { "uv": [ 3, 10.5, 3.5, 12 ], "texture": "#Wookie Unwrapped Side" },
        "east":  { "uv": [ 3, 10.5, 3.5, 12 ], "texture": "#Wookie Unwrapped Side" }
    }
},
{
    "from": [ 2, 3, 16 ],
    "to": [ 3, 7, 17 ],
    "faces": {
        "up":    { "uv": [ 5, 9.5, 5.5, 10 ], "texture": "#texture" },
        "north": { "uv": [ 5.5, 9.5, 5, 11.5 ], "texture": "#texture" },
        "south": { "uv": [ 5, 9.5, 5.5, 11.5 ], "texture": "#texture" },
        "west":  { "uv": [ 6, 7, 6.5, 9 ], "texture": "#Wookie Unwrapped Side" },
        "east":  { "uv": [ 6, 7, 6.5, 9 ], "texture": "#Wookie Unwrapped Side" }
    }
},
{
    "from": [ 2, 6, 14 ],
    "to": [ 4, 8, 16.5 ],
    "faces": {
        "down":  { "uv": [ 5, 9.5, 6, 10 ], "texture": "#texture" },
        "up":    { "uv": [ 5, 9, 6, 9.5 ], "texture": "#texture" },
        "north": { "uv": [ 6, 9, 5, 10 ], "texture": "#texture" },
        "south": { "uv": [ 5, 9, 6, 10 ], "texture": "#texture" },
        "west":  { "uv": [ 10.25, 9.5, 10.75, 10.5 ], "texture": "#Wookie Unwrapped Side" },
        "east":  { "uv": [ 11, 9, 11.5, 10 ], "texture": "#Wookie Unwrapped Side" }
    }
},
{
    "from": [ 3, 8, 14 ],
    "to": [ 5.5, 9, 16 ],
    "faces": {
        "down":  { "uv": [ 5.75, 8.5, 7, 9 ], "texture": "#texture" },
        "up":    { "uv": [ 5.75, 8.5, 7, 9 ], "texture": "#texture" },
        "south": { "uv": [ 5.75, 8.5, 7, 9 ], "texture": "#texture" },
        "west":  { "uv": [ 10.5, 9, 11, 9.5 ], "texture": "#Wookie Unwrapped Side" },
        "east":  { "uv": [ 10.5, 8, 11, 8.5 ], "texture": "#Wookie Unwrapped Side" }
    }
},
{
    "from": [ 4, 9, 14 ],
    "to": [ 7, 10, 16 ],
    "faces": {
        "down":  { "uv": [ 6, 8, 7.5, 8.5 ], "texture": "#texture" },
        "up":    { "uv": [ 6, 8, 7.5, 8.5 ], "texture": "#texture" },
        "south": { "uv": [ 6, 8, 7.5, 8.5 ], "texture": "#texture" },
        "west":  { "uv": [ 11, 7.5, 11.5, 8 ], "texture": "#Wookie Unwrapped Side" },
        "east":  { "uv": [ 11, 7.5, 11.5, 8 ], "texture": "#Wookie Unwrapped Side" }
    }
},
{
    "from": [ 10.5, 8, 14 ],
    "to": [ 13, 9, 16 ],
    "faces": {
        "down":  { "uv": [ 9, 8.5, 10.25, 9 ], "texture": "#texture" },
        "up":    { "uv": [ 9, 8.5, 10.25, 9 ], "texture": "#texture" },
        "south": { "uv": [ 9, 8.5, 10.25, 9 ], "texture": "#texture" },
        "west":  { "uv": [ 10.5, 8, 11, 8.5 ], "texture": "#Wookie Unwrapped Side" },
        "east":  { "uv": [ 10.5, 9.25, 11, 9.75 ], "texture": "#Wookie Unwrapped Side" }
    }
},
{
    "from": [ 12, 6, 14 ],
    "to": [ 14, 8, 16.5 ],
    "faces": {
        "down":  { "uv": [ 10, 9.5, 11, 10 ], "texture": "#texture" },
        "up":    { "uv": [ 10, 9, 11, 9.5 ], "texture": "#texture" },
        "north": { "uv": [ 11, 9, 10, 10 ], "texture": "#texture" },
        "south": { "uv": [ 10, 9, 11, 10 ], "texture": "#texture" },
        "west":  { "uv": [ 7, 8.5, 7.5, 9.5 ], "texture": "#Wookie Unwrapped Side" },
        "east":  { "uv": [ 7.5, 8.5, 8, 9.5 ], "texture": "#Wookie Unwrapped Side" }
    }
},
{
    "from": [ 13, 3, 16 ],
    "to": [ 14, 7, 17 ],
    "faces": {
        "down":  { "uv": [ 10.5, 11, 11, 11.5 ], "texture": "#texture" },
        "up":    { "uv": [ 10.5, 9.5, 11, 10 ], "texture": "#texture" },
        "north": { "uv": [ 11, 9.5, 10.5, 11.5 ], "texture": "#texture" },
        "south": { "uv": [ 10.5, 9.5, 11, 11.5 ], "texture": "#texture" },
        "west":  { "uv": [ 5.5, 7.5, 6, 9.5 ], "texture": "#Wookie Unwrapped Side" },
        "east":  { "uv": [ 5.5, 7.5, 6, 9.5 ], "texture": "#Wookie Unwrapped Side" }
    }
},
{
    "from": [ 14, 2, 16 ],
    "to": [ 15, 4.5, 17 ],
    "faces": {
        "down":  { "uv": [ 11, 11, 11.5, 11.5 ], "texture": "#texture" },
        "up":    { "uv": [ 11, 10.5, 11.5, 11 ], "texture": "#texture" },
        "north": { "uv": [ 11.5, 10.75, 11, 12 ], "texture": "#texture" },
        "south": { "uv": [ 11, 10.75, 11.5, 12 ], "texture": "#texture" },
        "west":  { "uv": [ 5.5, 8.75, 6, 10 ], "texture": "#Wookie Unwrapped Side" },
        "east":  { "uv": [ 5.5, 8.75, 6, 10 ], "texture": "#Wookie Unwrapped Side" }
    }
},
{
    "from": [ 9, 9, 14 ],
    "to": [ 12, 10, 16 ],
    "faces": {
        "down":  { "uv": [ 8.5, 8, 10, 8.5 ], "texture": "#texture" },
        "up":    { "uv": [ 8.5, 8, 10, 8.5 ], "texture": "#texture" },
        "south": { "uv": [ 8.5, 8, 10, 8.5 ], "texture": "#texture" },
        "west":  { "uv": [ 11, 7.5, 11.5, 8 ], "texture": "#Wookie Unwrapped Side" },
        "east":  { "uv": [ 11, 7.5, 11.5, 8 ], "texture": "#Wookie Unwrapped Side" }
    }
},
{
    "from": [ 1.5, 3, -2 ],
    "to": [ 14.5, 3.5, 14 ],
    "faces": {
        "down":  { "uv": [ 14.5, 14, 1.5, 0 ], "texture": "#texture" },
        "south": { "uv": [ 1.5, 12.5, 14.5, 13 ], "texture": "#texture" },
        "west":  { "uv": [ 0, 12.5, 14, 13 ], "texture": "#Wookie Unwrapped Side" },
        "east":  { "uv": [ 2, 12.5, 16, 13 ], "texture": "#Wookie Unwrapped Side" }
    }
},
{
    "from": [ 2, 2.5, 16 ],
    "to": [ 3.5, 6, 16.5 ],
    "faces": {
        "down":  { "uv": [ 14, 16, 12.5, 16 ], "texture": "#texture" },
        "north": { "uv": [ 12.5, 10, 14, 13.5 ], "texture": "#texture" },
        "south": { "uv": [ 2, 10, 3.5, 13.5 ], "texture": "#texture" },
        "west":  { "uv": [ 16, 10, 16, 13.5 ], "texture": "#Wookie Unwrapped Side" },
        "east":  { "uv": [ 0, 10, 0, 13.5 ], "texture": "#Wookie Unwrapped Side" }
    }
},
{
    "from": [ 1.5, 3, 15.5 ],
    "to": [ 2, 7, 16.5 ],
    "faces": {
        "down":  { "uv": [ 4.75, 11.25, 5.25, 11.75 ], "texture": "#texture" },
        "up":    { "uv": [ 4.75, 9, 5.25, 9.5 ], "texture": "#texture" },
        "north": { "uv": [ 5, 9.5, 4.75, 11.5 ], "texture": "#texture" },
        "south": { "uv": [ 4.75, 9.5, 5, 11.5 ], "texture": "#texture" },
        "west":  { "uv": [ 7, 11.25, 7.5, 9.75 ], "texture": "#Wookie Unwrapped Side" },
        "east":  { "uv": [ 7, 11.25, 7.5, 9.75 ], "texture": "#Wookie Unwrapped Side" }
    }
},
{
    "from": [ 13.5, 3.5, 15.5 ],
    "to": [ 14.5, 7.5, 16.5 ],
    "faces": {
        "down":  { "uv": [ 10.75, 10, 11.5, 10.5 ], "texture": "#texture" },
        "up":    { "uv": [ 10.75, 9, 11.5, 9.5 ], "texture": "#texture" },
        "north": { "uv": [ 11.25, 9.25, 10.75, 11.25 ], "texture": "#texture" },
        "south": { "uv": [ 10.75, 9.25, 11.25, 11.25 ], "texture": "#texture" },
        "west":  { "uv": [ 4, 9.25, 4.5, 7.25 ], "texture": "#Wookie Unwrapped Side" },
        "east":  { "uv": [ 4, 9.25, 4.5, 7.25 ], "texture": "#Wookie Unwrapped Side" }
    }
},
{
    "from": [ 12.5, 3.5, 16 ],
    "to": [ 13, 6, 16.5 ],
    "faces": {
        "down":  { "uv": [ 3.5, 16, 3, 16 ], "texture": "#texture" },
        "south": { "uv": [ 12.5, 10, 13, 12.5 ], "texture": "#texture" },
        "west":  { "uv": [ 16, 10, 16, 12.5 ], "texture": "#Wookie Unwrapped Side" }
    }
},
{
    "from": [ 13.5, 2.5, 16 ],
    "to": [ 14, 3, 16.5 ],
    "faces": {
        "down":  { "uv": [ 2.5, 16, 2, 16 ], "texture": "#texture" },
        "north": { "uv": [ 2, 13, 2.5, 13.5 ], "texture": "#texture" },
        "south": { "uv": [ 13.5, 13, 14, 13.5 ], "texture": "#texture" },
        "west":  { "uv": [ 16, 13, 16, 13.5 ], "texture": "#Wookie Unwrapped Side" }
    }
},
{
    "from": [ 5.5, 2, 15.5 ],
    "to": [ 11, 3, 16.5 ],
    "faces": {
        "down":  { "uv": [ 6.75, 11.5, 9.5, 12 ], "texture": "#texture" },
        "up":    { "uv": [ 6.75, 11.5, 9.5, 12 ], "texture": "#texture" },
        "north": { "uv": [ 9.5, 11.5, 6.75, 12 ], "texture": "#texture" },
        "south": { "uv": [ 6.75, 11.5, 9.5, 12 ], "texture": "#texture" },
        "west":  { "uv": [ 12, 10.75, 12.5, 11.75 ], "texture": "#Wookie Unwrapped Side" },
        "east":  { "uv": [ 12, 10.75, 12.5, 11.75 ], "texture": "#Wookie Unwrapped Side" }
    }
},
{
    "from": [ 6.5, 1, 15.5 ],
    "to": [ 9, 2, 16.5 ],
    "faces": {
        "down":  { "uv": [ 7.25, 12.25, 8.5, 12.5 ], "texture": "#texture" },
        "north": { "uv": [ 8.5, 12, 7.25, 12.5 ], "texture": "#texture" },
        "south": { "uv": [ 7.25, 12, 8.5, 12.5 ], "texture": "#texture" },
        "west":  { "uv": [ 11.5, 10.75, 12, 11.75 ], "texture": "#Wookie Unwrapped Side" },
        "east":  { "uv": [ 11.5, 10.75, 12, 11.75 ], "texture": "#Wookie Unwrapped Side" }
    }
},
{
    "from": [ 9, 0, 13.5 ],
    "to": [ 10, 1, 15.5 ],
    "faces": {
        "down":  { "uv": [ 8.5, 12.5, 9, 13 ], "texture": "#texture" },
        "north": { "uv": [ 8.5, 12.5, 9, 13 ], "texture": "#texture" },
        "south": { "uv": [ 8.5, 12.5, 9, 13 ], "texture": "#texture" },
        "east":  { "uv": [ 11.5, 11.25, 12, 11.75 ], "texture": "#Wookie Unwrapped Side" }
    }
},
{
    "from": [ 4, 2, 12.5 ],
    "to": [ 4.5, 3, 15.5 ],
    "faces": {
        "down":  { "uv": [ 6, 11.5, 6.25, 12 ], "texture": "#texture" },
        "up":    { "uv": [ 6, 11.5, 6.25, 12 ], "texture": "#texture" },
        "north": { "uv": [ 6, 11.5, 6.25, 12 ], "texture": "#texture" },
        "south": { "uv": [ 6.25, 11.5, 6.5, 12 ], "texture": "#texture" },
        "west":  { "uv": [ 6, 11, 6.25, 11.5 ], "texture": "#Wookie Unwrapped Side" }
    }
},
{
    "from": [ 4, 7, 15 ],
    "to": [ 5, 8, 16 ],
    "faces": {
        "north": { "uv": [ 6, 9, 6.5, 9.5 ], "texture": "#texture" },
        "south": { "uv": [ 6, 9, 6.5, 9.5 ], "texture": "#texture" },
        "east":  { "uv": [ 10, 8.5, 10.5, 9 ], "texture": "#Wookie Unwrapped Side" }
    }
},
{
    "from": [ 3.5, 8, 16 ],
    "to": [ 4.5, 8.5, 16.5 ],
    "faces": {
        "down":  { "uv": [ 5.25, 9.25, 6, 9.5 ], "texture": "#texture" },
        "up":    { "uv": [ 5.75, 8.75, 6.5, 9 ], "texture": "#texture" },
        "south": { "uv": [ 6, 8.75, 6.5, 9 ], "texture": "#texture" },
        "west":  { "uv": [ 10.25, 9.5, 10.75, 10 ], "texture": "#Wookie Unwrapped Side" },
        "east":  { "uv": [ 9, 9.5, 9.5, 10 ], "texture": "#Wookie Unwrapped Side" }
    }
},
{
    "from": [ 3, 5.5, 16 ],
    "to": [ 3.5, 6, 17 ],
    "faces": {
        "down":  { "uv": [ 5.5, 9.5, 6, 10 ], "texture": "#texture" },
        "up":    { "uv": [ 5.5, 9.5, 6, 10 ], "texture": "#texture" },
        "south": { "uv": [ 5.5, 10, 6, 10.5 ], "texture": "#texture" },
        "east":  { "uv": [ 11.25, 9.5, 11.75, 10 ], "texture": "#Wookie Unwrapped Side" }
    }
},
{
    "from": [ 1.5, 6, 16.5 ],
    "to": [ 2, 6.5, 17 ],
    "faces": {
        "down":  { "uv": [ 5, 10, 5.5, 10.5 ], "texture": "#texture" },
        "up":    { "uv": [ 5, 10, 5.5, 10.5 ], "texture": "#texture" },
        "south": { "uv": [ 5.25, 10, 5.5, 10.25 ], "texture": "#texture" },
        "west":  { "uv": [ 10.5, 9.75, 11, 10.25 ], "texture": "#Wookie Unwrapped Side" }
    }
},
{
    "from": [ 12.5, 6.5, 15.5 ],
    "to": [ 13, 7.5, 16.5 ],
    "faces": {
        "down":  { "uv": [ 3.5, 16, 3, 15.5 ], "texture": "#texture" },
        "up":    { "uv": [ 12.5, 15.5, 13, 16 ], "texture": "#texture" },
        "north": { "uv": [ 3, 8.5, 3.5, 9.5 ], "texture": "#texture" },
        "south": { "uv": [ 12.5, 8.5, 13, 9.5 ], "texture": "#texture" },
        "west":  { "uv": [ 15.5, 8.5, 16, 9.5 ], "texture": "#Wookie Unwrapped Side" },
        "east":  { "uv": [ 0, 8.5, 0.5, 9.5 ], "texture": "#Wookie Unwrapped Side" }
    }
},
{
    "from": [ 5, 7, 13.5 ],
    "to": [ 11, 8, 15.5 ],
    "faces": {
        "down":  { "uv": [ 6.5, 9, 9.5, 9.5 ], "texture": "#texture" },
        "up":    { "uv": [ 6.5, 9, 9.5, 9.5 ], "texture": "#texture" },
        "north": { "uv": [ 9.5, 9, 6.5, 9.5 ], "texture": "#texture" },
        "south": { "uv": [ 6.5, 9, 9.5, 9.5 ], "texture": "#texture" },
        "west":  { "uv": [ 11.25, 8.5, 12.5, 9 ], "texture": "#Wookie Unwrapped Side" },
        "east":  { "uv": [ 11.25, 8.5, 12.5, 9 ], "texture": "#Wookie Unwrapped Side" }
    }
},
{
    "from": [ 11, 6.5, 15 ],
    "to": [ 12, 8, 15.5 ],
    "faces": {
        "down":  { "uv": [ 9.5, 9.5, 10, 10 ], "texture": "#texture" },
        "north": { "uv": [ 10, 9, 9.5, 9.75 ], "texture": "#texture" },
        "south": { "uv": [ 9.5, 9, 10, 9.75 ], "texture": "#texture" },
        "west":  { "uv": [ 9, 4.5, 9.5, 5.25 ], "texture": "#Wookie Unwrapped Side" }
    }
},
{
    "from": [ 7, 7, 15 ],
    "to": [ 9, 7.5, 16 ],
    "faces": {
        "up":    { "uv": [ 7.5, 9.75, 8.5, 10 ], "texture": "#texture" },
        "north": { "uv": [ 8.5, 9.75, 7.5, 10 ], "texture": "#texture" },
        "south": { "uv": [ 7.5, 9.75, 8.5, 10 ], "texture": "#texture" },
        "west":  { "uv": [ 11, 10.5, 12, 11 ], "texture": "#Wookie Unwrapped Side" },
        "east":  { "uv": [ 12, 10.5, 12.5, 11.25 ], "texture": "#Wookie Unwrapped Side" }
    }
},
{
    "from": [ 7.5, 10, 14 ],
    "to": [ 8.5, 12, 16 ],
    "faces": {
        "down":  { "uv": [ 7.75, 7.5, 8.25, 8 ], "texture": "#texture" },
        "up":    { "uv": [ 7.75, 7, 8.25, 7.5 ], "texture": "#texture" },
        "south": { "uv": [ 7.75, 7, 8.25, 8 ], "texture": "#texture" },
        "west":  { "uv": [ 11.75, 6.5, 12, 7.5 ], "texture": "#Wookie Unwrapped Side" },
        "east":  { "uv": [ 12, 6.5, 12.5, 7.5 ], "texture": "#Wookie Unwrapped Side" }
    }
},
{
    "from": [ 7, 9, 13.5 ],
    "to": [ 9, 10, 15.5 ],
    "faces": {
        "down":  { "uv": [ 7.5, 8, 8.5, 8.5 ], "texture": "#texture" },
        "up":    { "uv": [ 7.5, 8, 8.5, 8.5 ], "texture": "#texture" },
        "north": { "uv": [ 8.5, 8, 7.5, 8.5 ], "texture": "#texture" },
        "south": { "uv": [ 7.5, 8, 8.5, 8.5 ], "texture": "#texture" },
        "west":  { "uv": [ 12, 7.5, 12.5, 8 ], "texture": "#Wookie Unwrapped Side" },
        "east":  { "uv": [ 12, 7.5, 12.5, 8 ], "texture": "#Wookie Unwrapped Side" }
    }
},
{
    "from": [ 5.5, 8, 14 ],
    "to": [ 10.5, 9, 15 ],
    "faces": {
        "up":    { "uv": [ 7, 8.5, 9, 9 ], "texture": "#texture" },
        "south": { "uv": [ 7, 8.5, 9, 9 ], "texture": "#texture" }
    }
},
{
    "from": [ 6, 5.5, 16 ],
    "to": [ 10, 7, 16.5 ],
    "faces": {
        "up":    { "uv": [ 7, 9.5, 9, 10 ], "texture": "#texture" },
        "south": { "uv": [ 7, 9.5, 9, 10.25 ], "texture": "#texture" },
        "west":  { "uv": [ 12, 9.75, 12.5, 10.75 ], "texture": "#Wookie Unwrapped Side" },
        "east":  { "uv": [ 12, 9.75, 12.5, 10.75 ], "texture": "#Wookie Unwrapped Side" }
    }
},
{
    "from": [ 5.5, 3, 15.5 ],
    "to": [ 10.5, 5.5, 16.5 ],
    "faces": {
        "up":    { "uv": [ 6.75, 10.25, 9.25, 10.5 ], "texture": "#texture" },
        "north": { "uv": [ 9.25, 10.25, 6.75, 11.5 ], "texture": "#texture" },
        "south": { "uv": [ 6.75, 10.25, 9.25, 11.5 ], "texture": "#texture" },
        "west":  { "uv": [ 11.5, 10.75, 12, 11.75 ], "texture": "#Wookie Unwrapped Side" },
        "east":  { "uv": [ 11.5, 10.75, 12, 11.75 ], "texture": "#Wookie Unwrapped Side" }
    }
},
{
    "from": [ 5.5, 2, 15.5 ],
    "to": [ 10.5, 3, 16.5 ],
    "faces": {
        "down":  { "uv": [ 10.5, 16, 5.5, 15.5 ], "texture": "#texture" },
        "north": { "uv": [ 5.5, 13, 10.5, 14 ], "texture": "#texture" },
        "south": { "uv": [ 5.5, 13, 10.5, 14 ], "texture": "#texture" },
        "west":  { "uv": [ 15.5, 13, 16, 14 ], "texture": "#Wookie Unwrapped Side" },
        "east":  { "uv": [ 0, 13, 0.5, 14 ], "texture": "#Wookie Unwrapped Side" }
    }
},
{
    "from": [ 1, 7, 12 ],
    "to": [ 15, 12, 14 ],
    "faces": {
        "up":    { "uv": [ 9.5, 10, 10, 11 ], "texture": "#texture" },
        "south": { "uv": [ 4.25, 7, 11.75, 9.5 ], "texture": "#texture" },
        "west":  { "uv": [ 9.5, 6.5, 10, 9 ], "texture": "#Wookie Unwrapped Side" },
        "east":  { "uv": [ 9.5, 6.5, 10, 9 ], "texture": "#Wookie Unwrapped Side" }
    }
},
{
    "from": [ 7, 12, 12 ],
    "to": [ 9, 13, 14 ],
    "faces": {
        "up":    { "uv": [ 7.5, 6, 8.5, 6.5 ], "texture": "#texture" },
        "south": { "uv": [ 7.5, 6, 8.5, 6.5 ], "texture": "#texture" },
        "west":  { "uv": [ 11, 5.5, 11.5, 6 ], "texture": "#Wookie Unwrapped Side" },
        "east":  { "uv": [ 11, 5.5, 11.5, 6 ], "texture": "#Wookie Unwrapped Side" }
    }
},
{
    "from": [ 1.5, 7, 12 ],
    "to": [ 14.5, 12, 13 ],
    "faces": {
        "up":    { "uv": [ 1.5, 12, 14.5, 13 ], "texture": "#texture" },
        "south": { "uv": [ 1.5, 4, 14.5, 9 ], "texture": "#texture" },
        "west":  { "uv": [ 12, 4, 13, 9 ], "texture": "#Wookie Unwrapped Side" },
        "east":  { "uv": [ 3, 4, 4, 9 ], "texture": "#Wookie Unwrapped Side" }
    }
},
{
    "from": [ 12, 12, 12 ],
    "to": [ 14, 13, 14 ],
    "faces": {
        "up":    { "uv": [ 10.5, 5.75, 11.25, 6.25 ], "texture": "#texture" },
        "south": { "uv": [ 10.5, 6, 11.5, 6.5 ], "texture": "#texture" },
        "west":  { "uv": [ 5, 9.25, 7, 10.25 ], "texture": "#Wookie Unwrapped Side" },
        "east":  { "uv": [ 5, 9.25, 7, 10.25 ], "texture": "#Wookie Unwrapped Side" }
    }
},
{
    "from": [ 3, 13.75, 13.75 ],
    "to": [ 13, 14.75, 15 ],
    "faces": {
        "down":  { "uv": [ 5.5, 5.5, 10.5, 6 ], "texture": "#texture" },
        "up":    { "uv": [ 5.5, 5.5, 10.5, 6 ], "texture": "#texture" },
        "north": { "uv": [ 10.5, 5.5, 5.5, 6 ], "texture": "#texture" },
        "south": { "uv": [ 5.5, 5.5, 10.5, 6 ], "texture": "#texture" },
        "west":  { "uv": [ 11.5, 5, 12, 5.5 ], "texture": "#Wookie Unwrapped Side" },
        "east":  { "uv": [ 11.5, 5, 12, 5.5 ], "texture": "#Wookie Unwrapped Side" }
    }
},
{
    "from": [ 1, 14, 12 ],
    "to": [ 15, 16, 14 ],
    "faces": {
        "down":  { "uv": [ 4.5, 5, 11.5, 6 ], "texture": "#texture" },
        "south": { "uv": [ 4.5, 5, 11.5, 6 ], "texture": "#texture" }
    }
},
{
    "from": [ 1, 16, 11 ],
    "to": [ 15, 18, 14 ],
    "faces": {
        "down":  { "uv": [ 4.5, 4, 11.5, 5 ], "texture": "#texture" },
        "up":    { "uv": [ 4.5, 4, 11.5, 5 ], "texture": "#texture" },
        "north": { "uv": [ 11.5, 4, 4.5, 5 ], "texture": "#texture" },
        "south": { "uv": [ 4.5, 4, 11.5, 5 ], "texture": "#texture" },
        "west":  { "uv": [ 10, 3.5, 11.5, 4.5 ], "texture": "#Wookie Unwrapped Side" },
        "east":  { "uv": [ 10, 3.5, 11.5, 4.5 ], "texture": "#Wookie Unwrapped Side" }
    }
},
{
    "from": [ 5, 14.75, 13.75 ],
    "to": [ 11, 16, 15 ],
    "faces": {
        "up":    { "uv": [ 6.5, 5, 9.5, 5.5 ], "texture": "#texture" },
        "north": { "uv": [ 9.5, 5, 6.5, 5.5 ], "texture": "#texture" },
        "south": { "uv": [ 6.5, 5, 9.5, 5.5 ], "texture": "#texture" },
        "west":  { "uv": [ 11.5, 4.5, 12, 5 ], "texture": "#Wookie Unwrapped Side" },
        "east":  { "uv": [ 11.5, 4.5, 12, 5 ], "texture": "#Wookie Unwrapped Side" }
    }
},
{
    "from": [ 2, 18, -1 ],
    "to": [ 14, 19, 13 ],
    "faces": {
        "down":  { "uv": [ 5, 3.5, 11, 4 ], "texture": "#texture" },
        "up":    { "uv": [ 5, 3.5, 11, 4 ], "texture": "#texture" },
        "north": { "uv": [ 11, 3.5, 5, 4 ], "texture": "#texture" },
        "south": { "uv": [ 5, 3.5, 11, 4 ], "texture": "#texture" },
        "west":  { "uv": [ 4, 3, 11, 3.5 ], "texture": "#Wookie Unwrapped Side" },
        "east":  { "uv": [ 4, 3, 11, 3.5 ], "texture": "#Wookie Unwrapped Side" }
    }
},
{
    "from": [ 4, 19, 0 ],
    "to": [ 12, 20, 12 ],
    "faces": {
        "up":    { "uv": [ 6, 3, 10, 6 ], "texture": "#texture" },
        "north": { "uv": [ 6, 3, 10, 3.5 ], "texture": "#texture" },
        "south": { "uv": [ 6, 3, 10, 3.5 ], "texture": "#texture" },
        "west":  { "uv": [ 4.5, 2.5, 10.5, 3 ], "texture": "#Wookie Unwrapped Side" },
        "east":  { "uv": [ 4.5, 2.5, 10.5, 3 ], "texture": "#Wookie Unwrapped Side" }
    }
},
{
    "from": [ 3, 14.75, 13.75 ],
    "to": [ 13, 16, 14.5 ],
    "faces": {
        "up":    { "uv": [ 5.5, 5, 10.5, 5.5 ], "texture": "#texture" },
        "north": { "uv": [ 10.5, 5, 5.5, 5.5 ], "texture": "#texture" },
        "south": { "uv": [ 5.5, 5, 10.5, 5.5 ], "texture": "#texture" },
        "west":  { "uv": [ 11.5, 4.5, 12, 5 ], "texture": "#Wookie Unwrapped Side" },
        "east":  { "uv": [ 11.5, 4.5, 12, 5 ], "texture": "#Wookie Unwrapped Side" }
    }
},
{
    "from": [ 1.5, 10, 14 ],
    "to": [ 4.5, 12, 15 ],
    "faces": {
        "down":  { "uv": [ 4.5, 7.5, 6, 8 ], "texture": "#texture" },
        "up":    { "uv": [ 4.5, 7, 6, 7.5 ], "texture": "#texture" },
        "south": { "uv": [ 4.5, 7, 6, 8 ], "texture": "#texture" },
        "west":  { "uv": [ 5.5, 9, 6.5, 11 ], "texture": "#Wookie Unwrapped Side" },
        "east":  { "uv": [ 5.25, 7, 5.75, 8.5 ], "texture": "#Wookie Unwrapped Side" }
    }
},
{
    "from": [ -0.25, 10.5, 13 ],
    "to": [ 1.5, 11.5, 14.5 ],
    "faces": {
        "down":  { "uv": [ 4, 7, 4.5, 8 ], "texture": "#texture" },
        "up":    { "uv": [ 4, 7, 4.5, 8 ], "texture": "#texture" },
        "north": { "uv": [ 4, 7.25, 4.5, 7.75 ], "texture": "#texture" },
        "south": { "uv": [ 4, 7.25, 4.5, 7.75 ], "texture": "#texture" },
        "west":  { "uv": [ 5.5, 9.25, 7, 10.25 ], "texture": "#Wookie Unwrapped Side" },
        "east":  { "uv": [ 5.5, 9.25, 7, 10.25 ], "texture": "#Wookie Unwrapped Side" }
    }
},
{
    "from": [ 0.5, 9.5, 13.5 ],
    "to": [ 1.5, 10.5, 15 ],
    "faces": {
        "down":  { "uv": [ 4, 6.5, 4.5, 8 ], "texture": "#texture" },
        "up":    { "uv": [ 4, 6.5, 4.5, 8 ], "texture": "#texture" },
        "north": { "uv": [ 4.25, 5.5, 5.25, 6.5 ], "texture": "#texture" },
        "south": { "uv": [ 4.25, 5.5, 5.25, 6.5 ], "texture": "#texture" },
        "west":  { "uv": [ 5.5, 9.5, 7, 10.5 ], "texture": "#Wookie Unwrapped Side" },
        "east":  { "uv": [ 5.5, 9.5, 7, 10.5 ], "texture": "#Wookie Unwrapped Side" }
    }
},
{
    "from": [ 4.5, 10, 14 ],
    "to": [ 6.25, 11, 15 ],
    "faces": {
        "up":    { "uv": [ 5.5, 7.5, 6.5, 8 ], "texture": "#texture" },
        "south": { "uv": [ 5.5, 7.5, 6.5, 8 ], "texture": "#texture" },
        "east":  { "uv": [ 9, 2.5, 10, 3.5 ], "texture": "#Wookie Unwrapped Side" }
    }
},
{
    "from": [ -0.25, 2, 5 ],
    "to": [ 16.25, 5, 6 ],
    "faces": {
        "down":  { "uv": [ 6, 11.5, 10, 12 ], "texture": "#texture" },
        "up":    { "uv": [ 6, 11.5, 10, 12 ], "texture": "#texture" },
        "north": { "uv": [ 6, 11.5, 10, 12 ], "texture": "#texture" },
        "west":  { "uv": [ 6.5, 10.5, 7, 12 ], "texture": "#Wookie Unwrapped Side" },
        "east":  { "uv": [ 6.5, 10.5, 7, 12 ], "texture": "#Wookie Unwrapped Side" }
    }
},
{
    "from": [ 8.5, 10, 14 ],
    "to": [ 9, 11.5, 16 ],
    "faces": {
        "down":  { "uv": [ 8.25, 7.5, 8.5, 7.75 ], "texture": "#texture" },
        "up":    { "uv": [ 8.25, 7.25, 8.5, 7.5 ], "texture": "#texture" },
        "south": { "uv": [ 8.25, 7.25, 8.5, 8 ], "texture": "#texture" },
        "east":  { "uv": [ 12.25, 6.75, 12.5, 7.5 ], "texture": "#Wookie Unwrapped Side" }
    }
},
{
    "from": [ 8.5, 11.5, 14 ],
    "to": [ 9, 12, 15.5 ],
    "faces": {
        "up":    { "uv": [ 8, 7, 8.5, 7.5 ], "texture": "#texture" },
        "south": { "uv": [ 8, 7, 8.5, 7.5 ], "texture": "#texture" },
        "east":  { "uv": [ 12, 6.5, 12.5, 7 ], "texture": "#Wookie Unwrapped Side" }
    }
},
{
    "from": [ 7, 11.5, 14 ],
    "to": [ 7.5, 12, 15.5 ],
    "faces": {
        "up":    { "uv": [ 7.5, 7, 8, 7.5 ], "texture": "#texture" },
        "south": { "uv": [ 7.5, 7, 7.75, 7.25 ], "texture": "#texture" },
        "west":  { "uv": [ 11.5, 6.5, 11.75, 7 ], "texture": "#Wookie Unwrapped Side" }
    }
},
{
    "from": [ 2, 15, -2 ],
    "to": [ 14, 18, 12 ],
    "faces": {
        "down":  { "uv": [ 5, 4, 11, 4.5 ], "texture": "#texture" },
        "up":    { "uv": [ 5, 4, 11, 4.5 ], "texture": "#texture" },
        "north": { "uv": [ 11, 4, 5, 5 ], "texture": "#texture" },
        "south": { "uv": [ 5, 4, 11, 5 ], "texture": "#texture" },
        "west":  { "uv": [ 10.5, 3.5, 3.5, 5 ], "texture": "#Wookie Unwrapped Side" },
        "east":  { "uv": [ 3.5, 3.5, 10.5, 5 ], "texture": "#Wookie Unwrapped Side" }
    }
},
{
    "from": [ 2, 7, -3 ],
    "to": [ 14, 15, -2 ],
    "faces": {
        "up":    { "uv": [ 5, 3.5, 11, 4 ], "texture": "#texture" },
        "north": { "uv": [ 5, 3.5, 11, 6 ], "texture": "#texture" },
        "west":  { "uv": [ 3, 5.25, 3.5, 11.5 ], "texture": "#Wookie Unwrapped Side" },
        "east":  { "uv": [ 3, 5.25, 3.5, 11.5 ], "texture": "#Wookie Unwrapped Side" }
    }
},
{
    "from": [ -0.75, 3.5, -1.5 ],
    "to": [ 16.75, 7, 0.5 ],
    "faces": {
        "down":  { "uv": [ 16, 0.5, 0, 0 ], "texture": "#texture" },
        "up":    { "uv": [ 0, 0, 16, 0.5 ], "texture": "#texture" },
        "north": { "uv": [ 0, 9, 16, 12.5 ], "texture": "#texture" },
        "south": { "uv": [ 0, 9, 16, 12.5 ], "texture": "#texture" },
        "west":  { "uv": [ 0, 9, 0.5, 12.5 ], "texture": "#Wookie Unwrapped Side" },
        "east":  { "uv": [ 15.5, 9, 16, 12.5 ], "texture": "#Wookie Unwrapped Side" }
    }
},
{
    "from": [ -0.25, 7, -1.25 ],
    "to": [ 16.25, 9, 0.5 ],
    "faces": {
        "up":    { "uv": [ 0, 0, 16, 0.5 ], "texture": "#texture" },
        "north": { "uv": [ 0, 7, 16, 9 ], "texture": "#texture" },
        "south": { "uv": [ 0, 7, 16, 9 ], "texture": "#texture" },
        "west":  { "uv": [ 0, 7, 0.5, 9 ], "texture": "#Wookie Unwrapped Side" },
        "east":  { "uv": [ 15.5, 7, 16, 9 ], "texture": "#Wookie Unwrapped Side" }
    }
},
{
    "from": [ -0.25, 3.5, 0.5 ],
    "to": [ 16.25, 8, 1.5 ],
    "faces": {
        "down":  { "uv": [ 16, 1.5, 0, 0.5 ], "texture": "#texture" },
        "up":    { "uv": [ 0, 0.5, 16, 1.5 ], "texture": "#texture" },
        "north": { "uv": [ 0, 8, 16, 12.5 ], "texture": "#texture" },
        "south": { "uv": [ 0, 8, 16, 12.5 ], "texture": "#texture" },
        "west":  { "uv": [ 0.5, 8, 1.5, 12.5 ], "texture": "#Wookie Unwrapped Side" },
        "east":  { "uv": [ 14.5, 8, 15.5, 12.5 ], "texture": "#Wookie Unwrapped Side" }
    }
},
{
    "from": [ -0.25, 2, 6 ],
    "to": [ 16.25, 6, 8 ],
    "faces": {
        "down":  { "uv": [ 6, 11.5, 10, 12 ], "texture": "#texture" },
        "up":    { "uv": [ 6, 11.5, 10, 12 ], "texture": "#texture" },
        "north": { "uv": [ 6, 11.5, 10, 12 ], "texture": "#texture" },
        "south": { "uv": [ 6, 11.5, 10, 12 ], "texture": "#texture" },
        "west":  { "uv": [ 7, 10, 8, 12 ], "texture": "#Wookie Unwrapped Side" },
        "east":  { "uv": [ 8, 10, 7, 12 ], "texture": "#Wookie Unwrapped Side" }
    }
},
{
    "from": [ -0.25, 6, 6 ],
    "to": [ 16.25, 7, 7 ],
    "faces": {
        "up":    { "uv": [ 4, 5.5, 5, 6.5 ], "texture": "#texture" },
        "north": { "uv": [ 4.5, 11, 5.5, 12 ], "texture": "#texture" },
        "south": { "uv": [ 4.5, 11, 5.5, 12 ], "texture": "#texture" },
        "west":  { "uv": [ 7, 9.5, 7.5, 10 ], "texture": "#Wookie Unwrapped Side" },
        "east":  { "uv": [ 7, 9.5, 7.5, 10 ], "texture": "#Wookie Unwrapped Side" }
    }
},
{
    "from": [ 0, 1, 6 ],
    "to": [ 16, 2, 7 ],
    "faces": {
        "down":  { "uv": [ 6, 11.5, 10, 12 ], "texture": "#texture" },
        "north": { "uv": [ 6, 11.5, 10, 12 ], "texture": "#texture" },
        "south": { "uv": [ 6, 11.5, 10, 12 ], "texture": "#texture" },
        "west":  { "uv": [ 7, 12, 7.5, 12.5 ], "texture": "#Wookie Unwrapped Side" },
        "east":  { "uv": [ 7, 12, 7.5, 12.5 ], "texture": "#Wookie Unwrapped Side" }
    }
},
{
    "from": [ 4, 20, 1 ],
    "to": [ 12, 21, 10 ],
    "faces": {
        "up":    { "uv": [ 6, 3, 10, 6 ], "texture": "#texture" },
        "north": { "uv": [ 10, 3, 6, 3.5 ], "texture": "#texture" },
        "south": { "uv": [ 6, 2.5, 10, 3 ], "texture": "#texture" },
        "west":  { "uv": [ 5, 2, 9.5, 2.5 ], "texture": "#Wookie Unwrapped Side" },
        "east":  { "uv": [ 5, 2, 9.5, 2.5 ], "texture": "#Wookie Unwrapped Side" }
    }
},
{
    "from": [ 2, 19, 0.5 ],
    "to": [ 14, 20, 10.5 ],
    "faces": {
        "up":    { "uv": [ 5, 3, 11, 6 ], "texture": "#texture" },
        "north": { "uv": [ 11, 3, 5, 3.5 ], "texture": "#texture" },
        "south": { "uv": [ 5, 3, 11, 3.5 ], "texture": "#texture" },
        "west":  { "uv": [ 4.5, 2.5, 10.5, 3 ], "texture": "#Wookie Unwrapped Side" },
        "east":  { "uv": [ 4.5, 2.5, 10.5, 3 ], "texture": "#Wookie Unwrapped Side" }
    }
},
{
    "from": [ 1, 18, 0 ],
    "to": [ 15, 19, 11 ],
    "faces": {
        "up":    { "uv": [ 4.5, 3.5, 11.5, 4 ], "texture": "#texture" },
        "north": { "uv": [ 11.5, 3.5, 4.5, 4 ], "texture": "#texture" },
        "south": { "uv": [ 4.5, 3.5, 11.5, 4 ], "texture": "#texture" },
        "west":  { "uv": [ 4, 3, 11, 3.5 ], "texture": "#Wookie Unwrapped Side" },
        "east":  { "uv": [ 4, 3, 11, 3.5 ], "texture": "#Wookie Unwrapped Side" }
    }
},
{
    "from": [ 14.5, 10.5, 13 ],
    "to": [ 16, 11.5, 14.5 ],
    "faces": {
        "down":  { "uv": [ 1.5, 14.5, 0, 13 ], "texture": "#texture" },
        "up":    { "uv": [ 14.5, 13, 16, 14.5 ], "texture": "#texture" },
        "north": { "uv": [ 0, 4.5, 1.5, 5.5 ], "texture": "#texture" },
        "south": { "uv": [ 14.5, 4.5, 16, 5.5 ], "texture": "#texture" },
        "west":  { "uv": [ 13, 4.5, 14.5, 5.5 ], "texture": "#Wookie Unwrapped Side" },
        "east":  { "uv": [ 1.5, 4.5, 3, 5.5 ], "texture": "#Wookie Unwrapped Side" }
    }
},
{
    "from": [ 9.75, 10, 14 ],
    "to": [ 11.5, 11, 15 ],
    "faces": {
        "up":    { "uv": [ 9, 7.5, 10, 8 ], "texture": "#texture" },
        "south": { "uv": [ 9, 7.5, 10, 8 ], "texture": "#texture" },
        "west":  { "uv": [ 9, 2.5, 10, 3.5 ], "texture": "#Wookie Unwrapped Side" }
    }
},
{
    "from": [ 11.5, 10, 14 ],
    "to": [ 14.5, 12, 15 ],
    "faces": {
        "down":  { "uv": [ 10, 7, 11.5, 8 ], "texture": "#texture" },
        "up":    { "uv": [ 10, 7, 11.5, 8 ], "texture": "#texture" },
        "south": { "uv": [ 10, 7, 11.5, 8 ], "texture": "#texture" },
        "west":  { "uv": [ 5.5, 7, 5.75, 8.25 ], "texture": "#Wookie Unwrapped Side" },
        "east":  { "uv": [ 7, 6.75, 7.25, 8 ], "texture": "#Wookie Unwrapped Side" }
    }
},
{
    "from": [ 14.5, 10.5, 13 ],
    "to": [ 16.25, 11.5, 14.5 ],
    "faces": {
        "down":  { "uv": [ 11.5, 8.5, 12, 9 ], "texture": "#texture" },
        "up":    { "uv": [ 11.5, 8, 12, 8.5 ], "texture": "#texture" },
        "north": { "uv": [ 11.5, 7.25, 12, 8 ], "texture": "#texture" },
        "south": { "uv": [ 11.5, 7.25, 12, 8 ], "texture": "#texture" },
        "west":  { "uv": [ 7.5, 5.5, 9, 6.5 ], "texture": "#Wookie Unwrapped Side" },
        "east":  { "uv": [ 7.5, 5.5, 9, 6.5 ], "texture": "#Wookie Unwrapped Side" }
    }
},
{
    "from": [ 14.5, 9.5, 13.5 ],
    "to": [ 15.5, 10.5, 15 ],
    "faces": {
        "down":  { "uv": [ 11.5, 7.75, 12, 8.25 ], "texture": "#texture" },
        "up":    { "uv": [ 11.5, 7.75, 12, 8.25 ], "texture": "#texture" },
        "north": { "uv": [ 11.5, 7.75, 12, 8.25 ], "texture": "#texture" },
        "south": { "uv": [ 11.5, 7.75, 12, 8.25 ], "texture": "#texture" },
        "west":  { "uv": [ 8, 5.5, 9.5, 6.5 ], "texture": "#Wookie Unwrapped Side" },
        "east":  { "uv": [ 8, 5.5, 9.5, 6.5 ], "texture": "#Wookie Unwrapped Side" }
    }
},
{
    "from": [ 12.5, 7, 16.5 ],
    "to": [ 13, 7.5, 17 ],
    "faces": {
        "down":  { "uv": [ 3.5, 16, 3, 16 ], "texture": "#texture" },
        "up":    { "uv": [ 12.5, 16, 13, 16 ], "texture": "#texture" },
        "south": { "uv": [ 12.5, 8.5, 13, 9 ], "texture": "#texture" },
        "west":  { "uv": [ 16, 8.5, 16, 9 ], "texture": "#Wookie Unwrapped Side" },
        "east":  { "uv": [ 0, 8.5, 0, 9 ], "texture": "#Wookie Unwrapped Side" }
    }
},
{
    "from": [ 0.75, 11.5, 6 ],
    "to": [ 15.25, 14, 13.75 ],
    "faces": {
        "down":  { "uv": [ 4, 5.5, 12, 6 ], "texture": "#texture" },
        "up":    { "uv": [ 4, 5.5, 12, 6 ], "texture": "#texture" },
        "north": { "uv": [ 12, 6, 4, 7.25 ], "texture": "#texture" },
        "south": { "uv": [ 4, 6, 12, 7.25 ], "texture": "#texture" },
        "west":  { "uv": [ 6.5, 5.5, 10.5, 6.75 ], "texture": "#Wookie Unwrapped Side" },
        "east":  { "uv": [ 6.5, 5.5, 10.5, 6.75 ], "texture": "#Wookie Unwrapped Side" }
    }
},
{
    "from": [ 3, 15, -2.5 ],
    "to": [ 13, 16.5, -2 ],
    "faces": {
        "up":    { "uv": [ 5, 3, 11, 3.5 ], "texture": "#texture" },
        "north": { "uv": [ 5, 3, 11, 4 ], "texture": "#texture" },
        "west":  { "uv": [ 3, 5, 3.5, 6 ], "texture": "#Wookie Unwrapped Side" },
        "east":  { "uv": [ 3, 5, 3.5, 6 ], "texture": "#Wookie Unwrapped Side" }
    }
},
{
    "from": [ 4, 15, -3 ],
    "to": [ 12, 15.5, -2.5 ],
    "faces": {
        "up":    { "uv": [ 6, 3.5, 10, 4 ], "texture": "#texture" },
        "north": { "uv": [ 6, 3.5, 10, 4 ], "texture": "#texture" },
        "west":  { "uv": [ 3, 5, 3.5, 5.5 ], "texture": "#Wookie Unwrapped Side" },
        "east":  { "uv": [ 3, 5, 3.5, 5.5 ], "texture": "#Wookie Unwrapped Side" }
    }
},
{
    "from": [ 15.5, 0.5, -2 ],
    "to": [ 17, 2, 0 ],
    "faces": {
        "down":  { "uv": [ 0.5, 0, 0, 0 ], "texture": "#texture" },
        "up":    { "uv": [ 15.5, 0, 16, 0 ], "texture": "#texture" },
        "north": { "uv": [ 0, 14, 0.5, 15.5 ], "texture": "#texture" },
        "south": { "uv": [ 15.5, 14, 16, 15.5 ], "texture": "#texture" },
        "west":  { "uv": [ 0, 14, 0, 15.5 ], "texture": "#Wookie Unwrapped Side" },
        "east":  { "uv": [ 16, 14, 16, 15.5 ], "texture": "#Wookie Unwrapped Side" }
    }
},
{
    "from": [ 16, 0.5, -2 ],
    "to": [ 17.5, 1, -1 ],
    "faces": {
        "down":  { "uv": [ 0, 0, 0, 0 ], "texture": "#texture" },
        "up":    { "uv": [ 16, 0, 16, 0 ], "texture": "#texture" },
        "north": { "uv": [ 0, 15, 0, 15.5 ], "texture": "#texture" },
        "south": { "uv": [ 16, 15, 16, 15.5 ], "texture": "#texture" },
        "west":  { "uv": [ 0, 15, 0, 15.5 ], "texture": "#Wookie Unwrapped Side" },
        "east":  { "uv": [ 16, 15, 16, 15.5 ], "texture": "#Wookie Unwrapped Side" }
    }
},
{
    "from": [ 14, 2, -3 ],
    "to": [ 16.5, 3.5, 2 ],
    "faces": {
        "down":  { "uv": [ 2, 2, 0, 0 ], "texture": "#texture" },
        "up":    { "uv": [ 14, 0, 16, 2 ], "texture": "#texture" },
        "north": { "uv": [ 0, 12.5, 2, 14 ], "texture": "#texture" },
        "south": { "uv": [ 14, 12.5, 16, 14 ], "texture": "#texture" },
        "west":  { "uv": [ 0, 12.5, 2, 14 ], "texture": "#Wookie Unwrapped Side" },
        "east":  { "uv": [ 14, 12.5, 16, 14 ], "texture": "#Wookie Unwrapped Side" }
    }
},
{
    "from": [ 0, 3, -2.5 ],
    "to": [ 16, 5.5, -1.5 ],
    "faces": {
        "down":  { "uv": [ 16, 0, 0, 0 ], "texture": "#texture" },
        "up":    { "uv": [ 0, 0, 16, 0 ], "texture": "#texture" },
        "north": { "uv": [ 0, 10.5, 16, 13 ], "texture": "#texture" },
        "south": { "uv": [ 0, 10.5, 16, 13 ], "texture": "#texture" },
        "west":  { "uv": [ 0, 10.5, 0, 13 ], "texture": "#Wookie Unwrapped Side" },
        "east":  { "uv": [ 16, 10.5, 16, 13 ], "texture": "#Wookie Unwrapped Side" }
    }
},
{
    "from": [ 7, 10, 14 ],
    "to": [ 7.5, 11.5, 16 ],
    "faces": {
        "down":  { "uv": [ 7.75, 7.5, 8, 7.75 ], "texture": "#texture" },
        "up":    { "uv": [ 7.75, 7.25, 8, 7.5 ], "texture": "#texture" },
        "south": { "uv": [ 7.5, 7.25, 7.75, 8 ], "texture": "#texture" },
        "west":  { "uv": [ 11.5, 6.75, 11.75, 7.5 ], "texture": "#Wookie Unwrapped Side" }
    }
},
{
    "from": [ 13, 13, 12 ],
    "to": [ 15, 14, 14 ],
    "faces": {
        "down":  { "uv": [ 10.5, 5.75, 11.25, 6.25 ], "texture": "#texture" },
        "south": { "uv": [ 10.5, 6, 11.5, 6.5 ], "texture": "#texture" },
        "west":  { "uv": [ 5, 9.25, 7, 10.25 ], "texture": "#Wookie Unwrapped Side" },
        "east":  { "uv": [ 5, 9.25, 7, 10.25 ], "texture": "#Wookie Unwrapped Side" }
    }
},
{
    "from": [ 2, 12, 12 ],
    "to": [ 4, 13, 14 ],
    "faces": {
        "up":    { "uv": [ 10.5, 5.75, 11.25, 6.25 ], "texture": "#texture" },
        "south": { "uv": [ 10.5, 6, 11.5, 6.5 ], "texture": "#texture" },
        "west":  { "uv": [ 5, 9.25, 7, 10.25 ], "texture": "#Wookie Unwrapped Side" },
        "east":  { "uv": [ 5, 9.25, 7, 10.25 ], "texture": "#Wookie Unwrapped Side" }
    }
},
{
    "from": [ 1, 13, 12 ],
    "to": [ 3, 14, 14 ],
    "faces": {
        "down":  { "uv": [ 10.5, 5.75, 11.25, 6.25 ], "texture": "#texture" },
        "south": { "uv": [ 10.5, 6, 11.5, 6.5 ], "texture": "#texture" },
        "west":  { "uv": [ 5, 9.25, 7, 10.25 ], "texture": "#Wookie Unwrapped Side" },
        "east":  { "uv": [ 5, 9.25, 7, 10.25 ], "texture": "#Wookie Unwrapped Side" }
    }
},
{
    "from": [ 0, 2.75, -1 ],
    "to": [ 16, 18, 12 ],
    "faces": {
        "down":  { "uv": [ 4.5, 3.5, 11.5, 4 ], "texture": "#texture" },
        "up":    { "uv": [ 4.5, 3.5, 11.5, 4 ], "texture": "#texture" },
        "north": { "uv": [ 5, 3.5, 5.5, 11.5 ], "texture": "#texture" },
        "south": { "uv": [ 5, 3.5, 5.5, 11.5 ], "texture": "#texture" },
        "west":  { "uv": [ 4, 3.5, 10.5, 11.5 ], "texture": "#Wookie Unwrapped Side" },
        "east":  { "uv": [ 10.5, 3.5, 4, 11.5 ], "texture": "#Wookie Unwrapped Side" }
    }
},
{
    "from": [ 0, 14, 12 ],
    "to": [ 1, 17, 14 ],
    "faces": {
        "down":  { "uv": [ 5, 3.5, 5.75, 4 ], "texture": "#texture" },
        "up":    { "uv": [ 5, 3.5, 5.75, 4 ], "texture": "#texture" },
        "south": { "uv": [ 4, 4, 4.5, 8.5 ], "texture": "#texture" },
        "west":  { "uv": [ 11.5, 4, 10.5, 5.5 ], "texture": "#Wookie Unwrapped Side" },
        "east":  { "uv": [ 10.5, 4, 11.5, 5.5 ], "texture": "#Wookie Unwrapped Side" }
    }
},
{
    "from": [ 0, 9, 12 ],
    "to": [ 1, 12, 14 ],
    "faces": {
        "down":  { "uv": [ 5, 3.5, 5.75, 4 ], "texture": "#texture" },
        "up":    { "uv": [ 5, 3.5, 5.75, 4 ], "texture": "#texture" },
        "south": { "uv": [ 4, 4, 4.5, 8.5 ], "texture": "#texture" },
        "west":  { "uv": [ 11.5, 6.5, 10.5, 8 ], "texture": "#Wookie Unwrapped Side" }
    }
},
{
    "from": [ 15, 9.5, 12 ],
    "to": [ 16, 12.5, 14 ],
    "faces": {
        "down":  { "uv": [ 5, 3.5, 5.75, 4 ], "texture": "#texture" },
        "up":    { "uv": [ 5, 3.5, 5.75, 4 ], "texture": "#texture" },
        "south": { "uv": [ 4, 4, 4.5, 8.5 ], "texture": "#texture" },
        "west":  { "uv": [ 11.5, 6.5, 10.5, 8 ], "texture": "#Wookie Unwrapped Side" },
        "east":  { "uv": [ 10.5, 6.5, 11.5, 8 ], "texture": "#Wookie Unwrapped Side" }
    }
},
{
    "from": [ 15, 14, 12 ],
    "to": [ 16, 17, 14 ],
    "faces": {
        "down":  { "uv": [ 5, 3.5, 5.75, 4 ], "texture": "#texture" },
        "up":    { "uv": [ 5, 3.5, 5.75, 4 ], "texture": "#texture" },
        "south": { "uv": [ 4, 4, 4.5, 8.5 ], "texture": "#texture" },
        "west":  { "uv": [ 11.5, 4, 10.5, 5.5 ], "texture": "#Wookie Unwrapped Side" },
        "east":  { "uv": [ 10.5, 4, 11.5, 5.5 ], "texture": "#Wookie Unwrapped Side" }
    }
},
{
    "from": [ 0, 2.75, 12 ],
    "to": [ 1, 7, 14 ],
    "faces": {
        "down":  { "uv": [ 5, 3.5, 5.75, 4 ], "texture": "#texture" },
        "up":    { "uv": [ 5, 3.5, 5.75, 4 ], "texture": "#texture" },
        "south": { "uv": [ 4, 4, 4.5, 8.5 ], "texture": "#texture" },
        "west":  { "uv": [ 11.5, 9, 10.5, 11.5 ], "texture": "#Wookie Unwrapped Side" },
        "east":  { "uv": [ 10.5, 9, 11.5, 11.5 ], "texture": "#Wookie Unwrapped Side" }
    }
},
{
    "from": [ 15, 2.75, 12 ],
    "to": [ 16, 7, 14 ],
    "faces": {
        "down":  { "uv": [ 5, 3.5, 5.75, 4 ], "texture": "#texture" },
        "up":    { "uv": [ 5, 3.5, 5.75, 4 ], "texture": "#texture" },
        "south": { "uv": [ 4, 4, 4.5, 8.5 ], "texture": "#texture" },
        "west":  { "uv": [ 11.5, 9, 10.5, 11.5 ], "texture": "#Wookie Unwrapped Side" },
        "east":  { "uv": [ 10.5, 9, 11.5, 11.5 ], "texture": "#Wookie Unwrapped Side" }
    }
},
{
    "from": [ 15, 7, 12 ],
    "to": [ 16, 9.5, 13.25 ],
    "faces": {
        "south": { "uv": [ 4, 4, 4.5, 8.5 ], "texture": "#texture" },
        "east":  { "uv": [ 11, 9, 10.5, 10.5 ], "texture": "#Wookie Unwrapped Side" }
    }
},
{
    "from": [ 0, 7, 12 ],
    "to": [ 1, 9.5, 13.25 ],
    "faces": {
        "up":    { "uv": [ 5, 3.5, 5.75, 4 ], "texture": "#texture" },
        "south": { "uv": [ 4, 4, 4.5, 8.5 ], "texture": "#texture" },
        "west":  { "uv": [ 11, 9, 10.5, 10.5 ], "texture": "#Wookie Unwrapped Side" }
    }
},
{
    "from": [ 0, 2.75, -2 ],
    "to": [ 16, 16, -1 ],
    "faces": {
        "down":  { "uv": [ 4.5, 3.5, 11.5, 4 ], "texture": "#texture" },
        "up":    { "uv": [ 4.5, 3.5, 11.5, 4 ], "texture": "#texture" },
        "north": { "uv": [ 5, 3.5, 5.5, 11.5 ], "texture": "#texture" },
        "west":  { "uv": [ 3.5, 4.5, 4, 11.5 ], "texture": "#Wookie Unwrapped Side" },
        "east":  { "uv": [ 3.5, 4.5, 4, 11.5 ], "texture": "#Wookie Unwrapped Side" }
    }
}
],
"display": {
    "head": {
        "rotation": [ 0, 180, 0 ],
        "translation": [ 0, -1.1, -1 ],
        "scale": [ 1.1, 1.1, 1.1 ]
    },
    "fixed": {
        "rotation": [ 0, 180, 0 ],
        "translation": [ 0, 0, 0 ],
        "scale": [ 1, 1, 1 ]
    },
    "gui": {
        "rotation": [ -30, 135, 0 ],
        "translation": [ 0, -1.9, 0 ],
        "scale": [ 1, 1, 1 ]
    }
}
}