{
"__comment": "Designed by Hypixel minecraft server with BDcraft Cubik PRO 0.92 Beta - http://bdcraft.net",
"ambientocclusion": false,
"textures": {
    "unwrap1": "blocks/carpet_cyan_unwrap1",
    "unwrap2": "blocks/carpet_cyan_unwrap2",
    "unwrap3": "blocks/carpet_cyan_unwrap3"
},
"elements": [ 
{
    "from": [ 3, 17, 6 ],
    "to": [ 13, 18, 10 ],
    "faces": {
        "up":    { "uv": [ 7, 3, 9, 3.5 ], "rotation": 270, "texture": "#unwrap2" },
        "north": { "uv": [ 5.5, 3, 10.5, 3.5 ], "texture": "#unwrap1" },
        "south": { "uv": [ 10.5, 3, 5.5, 3.5 ], "texture": "#unwrap3" },
        "west":  { "uv": [ 9, 3, 7, 3.5 ], "texture": "#unwrap2" },
        "east":  { "uv": [ 7, 3, 9, 3.5 ], "texture": "#unwrap2" }
    }
},
{
    "from": [ 6, 17, 4 ],
    "to": [ 10, 18, 12 ],
    "faces": {
        "up":    { "uv": [ 6, 3, 10, 3.5 ], "rotation": 270, "texture": "#unwrap2" },
        "north": { "uv": [ 7, 3, 9, 3.5 ], "texture": "#unwrap1" },
        "south": { "uv": [ 9, 3, 7, 3.5 ], "texture": "#unwrap3" },
        "west":  { "uv": [ 10, 3, 6, 3.5 ], "texture": "#unwrap2" },
        "east":  { "uv": [ 6, 3, 10, 3.5 ], "texture": "#unwrap2" }
    }
},
{
    "from": [ 4, 17, 5 ],
    "to": [ 12, 18, 11 ],
    "faces": {
        "up":    { "uv": [ 6.5, 3, 9.5, 3.5 ], "rotation": 270, "texture": "#unwrap2" },
        "north": { "uv": [ 6, 3, 10, 3.5 ], "texture": "#unwrap1" },
        "south": { "uv": [ 10, 3, 6, 3.5 ], "texture": "#unwrap3" },
        "west":  { "uv": [ 9.5, 3, 6.5, 3.5 ], "texture": "#unwrap2" },
        "east":  { "uv": [ 6.5, 3, 9.5, 3.5 ], "texture": "#unwrap2" }
    }
},
{
    "from": [ 4, 16, 3 ],
    "to": [ 12, 17, 14 ],
    "faces": {
        "up":    { "uv": [ 5, 3.5, 10.5, 4 ], "rotation": 270, "texture": "#unwrap2" },
        "north": { "uv": [ 6, 3.5, 10, 4 ], "texture": "#unwrap1" },
        "south": { "uv": [ 10, 3.5, 6, 4 ], "texture": "#unwrap3" },
        "west":  { "uv": [ 10.5, 3.5, 5, 4 ], "texture": "#unwrap2" },
        "east":  { "uv": [ 5, 3.5, 10.5, 4 ], "texture": "#unwrap2" }
    }
},
{
    "from": [ 2, 16, 5 ],
    "to": [ 14, 17, 11 ],
    "faces": {
        "up":    { "uv": [ 6, 3.5, 9.5, 4 ], "rotation": 270, "texture": "#unwrap2" },
        "north": { "uv": [ 5, 3.5, 11, 4 ], "texture": "#unwrap1" },
        "south": { "uv": [ 11, 3.5, 5, 4 ], "texture": "#unwrap3" },
        "west":  { "uv": [ 9.5, 3.5, 6.5, 4 ], "texture": "#unwrap2" },
        "east":  { "uv": [ 6.5, 3.5, 9.5, 4 ], "texture": "#unwrap2" }
    }
},
{
    "from": [ 3, 16, 4 ],
    "to": [ 13, 17, 13 ],
    "faces": {
        "up":    { "uv": [ 5.5, 3.5, 10, 4 ], "rotation": 270, "texture": "#unwrap2" },
        "north": { "uv": [ 5.5, 3.5, 10.5, 4 ], "texture": "#unwrap1" },
        "south": { "uv": [ 10.5, 3.5, 5.5, 4 ], "texture": "#unwrap3" },
        "west":  { "uv": [ 10, 3.5, 5.5, 4 ], "texture": "#unwrap2" },
        "east":  { "uv": [ 5.5, 3.5, 10, 4 ], "texture": "#unwrap2" }
    }
},
{
    "from": [ 1, 15, 1 ],
    "to": [ 15, 16, 15 ],
    "faces": {
        "down":  { "uv": [ 11.5, 4.5, 4.5, 4 ], "rotation": 270, "texture": "#unwrap1" },
        "up":    { "uv": [ 4.5, 4, 11.5, 4.5 ], "rotation": 270, "texture": "#unwrap2" },
        "north": { "uv": [ 4.5, 4, 11.5, 4.5 ], "texture": "#unwrap1" },
        "south": { "uv": [ 11.5, 4, 4.5, 4.5 ], "texture": "#unwrap3" },
        "west":  { "uv": [ 11.5, 4, 4.5, 4.5 ], "texture": "#unwrap2" },
        "east":  { "uv": [ 4.5, 4, 11.5, 4.5 ], "texture": "#unwrap2" }
    }
},
{
    "from": [ 0, 14, 11 ],
    "to": [ 1, 15, 15 ],
    "faces": {
        "up":    { "uv": [ 4.5, 4.5, 6.5, 5 ], "rotation": 270, "texture": "#unwrap2" },
        "south": { "uv": [ 12, 4.5, 11.5, 5 ], "texture": "#unwrap3" },
        "west":  { "uv": [ 6.5, 4.5, 4.5, 5 ], "texture": "#unwrap2" },
        "east":  { "uv": [ 4.5, 4.5, 6.5, 5 ], "texture": "#unwrap2" }
    }
},
{
    "from": [ 15, 14, 11 ],
    "to": [ 16, 15, 15 ],
    "faces": {
        "up":    { "uv": [ 4.5, 4.5, 6.5, 5 ], "rotation": 270, "texture": "#unwrap2" },
        "south": { "uv": [ 4.5, 4.5, 4, 5 ], "texture": "#unwrap3" },
        "west":  { "uv": [ 6.5, 4.5, 4.5, 5 ], "texture": "#unwrap2" },
        "east":  { "uv": [ 4.5, 4.5, 6.5, 5 ], "texture": "#unwrap2" }
    }
},
{
    "from": [ 1, 7, 15 ],
    "to": [ 15, 15, 16 ],
    "faces": {
        "up":    { "uv": [ 4.5, 4.5, 11.5, 5 ], "rotation": 180, "texture": "#unwrap3" },
        "north": { "uv": [ 4.5, 4.5, 11.5, 8.5 ], "texture": "#unwrap3" },
        "south": { "uv": [ 11.5, 4.5, 4.5, 8.5 ], "texture": "#unwrap3" },
        "west":  { "uv": [ 4.5, 4.5, 4, 8.5 ], "texture": "#unwrap2" },
        "east":  { "uv": [ 4, 4.5, 4.5, 8.5 ], "texture": "#unwrap2" }
    }
},
{
    "from": [ 0, 7, 16 ],
    "to": [ 16, 13, 17 ],
    "faces": {
        "down":  { "uv": [ 12, 8.5, 4, 8 ], "rotation": 180, "texture": "#unwrap3" },
        "up":    { "uv": [ 4, 5.5, 12, 6 ], "rotation": 180, "texture": "#unwrap3" },
        "north": { "uv": [ 4, 5.5, 12, 8.5 ], "texture": "#unwrap3" },
        "south": { "uv": [ 12, 5.5, 4, 8.5 ], "texture": "#unwrap3" },
        "west":  { "uv": [ 4, 5.5, 3.5, 8.5 ], "texture": "#unwrap2" },
        "east":  { "uv": [ 3.5, 5.5, 4, 8.5 ], "texture": "#unwrap2" }
    }
},
{
    "from": [ 2, 7, 17 ],
    "to": [ 14, 12, 18 ],
    "faces": {
        "down":  { "uv": [ 11, 8.5, 5, 8 ], "rotation": 180, "texture": "#unwrap3" },
        "up":    { "uv": [ 5, 6, 11, 6.5 ], "rotation": 180, "texture": "#unwrap3" },
        "south": { "uv": [ 11, 6, 5, 8.5 ], "texture": "#unwrap3" },
        "west":  { "uv": [ 3.5, 6, 3, 8.5 ], "texture": "#unwrap2" },
        "east":  { "uv": [ 3, 6, 3.5, 8.5 ], "texture": "#unwrap2" }
    }
},
{
    "from": [ 15, 11, 2 ],
    "to": [ 17, 15, 9 ],
    "faces": {
        "down":  { "uv": [ 11, 6.5, 7.5, 6 ], "rotation": 270, "texture": "#unwrap2" },
        "up":    { "uv": [ 7.5, 4.5, 11, 5 ], "rotation": 270, "texture": "#unwrap2" },
        "north": { "uv": [ 3.5, 4.5, 4.5, 6.5 ], "texture": "#unwrap1" },
        "west":  { "uv": [ 5, 4.5, 8.5, 6.5 ], "texture": "#unwrap2" },
        "east":  { "uv": [ 7.5, 4.5, 11, 6.5 ], "texture": "#unwrap2" }
    }
},
{
    "from": [ 1, 10, 0 ],
    "to": [ 15, 15, 1 ],
    "faces": {
        "down":  { "uv": [ 11.5, 7, 4.5, 6.5 ], "rotation": 180, "texture": "#unwrap1" },
        "up":    { "uv": [ 4.5, 4, 11.5, 4.5 ], "rotation": 180, "texture": "#unwrap1" },
        "north": { "uv": [ 4.5, 4.5, 11.5, 7 ], "texture": "#unwrap1" },
        "south": { "uv": [ 4.5, 4.5, 11.5, 7 ], "texture": "#unwrap1" },
        "west":  { "uv": [ 11.5, 4.5, 12, 7 ], "texture": "#unwrap2" },
        "east":  { "uv": [ 11.5, 4.5, 12, 7 ], "texture": "#unwrap2" }
    }
},
{
    "from": [ 15, 11, 1 ],
    "to": [ 16, 16, 6 ],
    "faces": {
        "up":    { "uv": [ 9, 4, 11.5, 4.5 ], "rotation": 270, "texture": "#unwrap2" },
        "north": { "uv": [ 4, 4, 4.5, 6.5 ], "texture": "#unwrap1" },
        "south": { "uv": [ 11.5, 4, 12, 6.5 ], "texture": "#unwrap3" },
        "west":  { "uv": [ 4.5, 4, 7, 6.5 ], "texture": "#unwrap2" },
        "east":  { "uv": [ 9, 4, 11.5, 6.5 ], "texture": "#unwrap2" }
    }
},
{
    "from": [ 15, 10, 1 ],
    "to": [ 16, 11, 9 ],
    "faces": {
        "down":  { "uv": [ 11.5, 7, 7.5, 6.5 ], "rotation": 270, "texture": "#unwrap2" },
        "up":    { "uv": [ 7.5, 6.5, 11.5, 7 ], "rotation": 270, "texture": "#unwrap2" },
        "north": { "uv": [ 4, 6.5, 4.5, 7 ], "texture": "#unwrap1" },
        "west":  { "uv": [ 11.5, 6.5, 7.5, 7 ], "texture": "#unwrap2" },
        "east":  { "uv": [ 7.5, 6.5, 11.5, 7 ], "texture": "#unwrap2" }
    }
},
{
    "from": [ 4, 9, -2 ],
    "to": [ 12, 10, -1 ],
    "faces": {
        "down":  { "uv": [ 6, 7, 10, 7.5 ], "rotation": 180, "texture": "#unwrap1" },
        "up":    { "uv": [ 6, 7, 10, 7.5 ], "rotation": 180, "texture": "#unwrap1" },
        "north": { "uv": [ 6, 7, 10, 7.5 ], "texture": "#unwrap1" },
        "south": { "uv": [ 10, 7, 6, 7.5 ], "texture": "#unwrap1" },
        "west":  { "uv": [ 13, 7, 12.5, 7.5 ], "texture": "#unwrap2" },
        "east":  { "uv": [ 12.5, 7, 13, 7.5 ], "texture": "#unwrap2" }
    }
},
{
    "from": [ 12, 9, -1 ],
    "to": [ 14, 10, 0 ],
    "faces": {
        "down":  { "uv": [ 5, 7, 6, 7.5 ], "rotation": 180, "texture": "#unwrap1" },
        "up":    { "uv": [ 5, 7, 6, 7.5 ], "rotation": 180, "texture": "#unwrap1" },
        "north": { "uv": [ 5, 7, 6, 7.5 ], "texture": "#unwrap1" },
        "south": { "uv": [ 6, 7, 5, 7.5 ], "texture": "#unwrap1" },
        "west":  { "uv": [ 12.5, 7, 12, 7.5 ], "texture": "#unwrap2" },
        "east":  { "uv": [ 12, 7, 12.5, 7.5 ], "texture": "#unwrap2" }
    }
},
{
    "from": [ 14, 9, 0 ],
    "to": [ 15, 10, 1 ],
    "faces": {
        "down":  { "uv": [ 12, 7.5, 11.5, 7 ], "rotation": 180, "texture": "#unwrap2" },
        "north": { "uv": [ 4.5, 7, 5, 7.5 ], "texture": "#unwrap1" },
        "south": { "uv": [ 5, 7, 4.5, 7.5 ], "texture": "#unwrap1" },
        "west":  { "uv": [ 12, 7, 11.5, 7.5 ], "texture": "#unwrap2" },
        "east":  { "uv": [ 11.5, 7, 12, 7.5 ], "texture": "#unwrap2" }
    }
},
{
    "from": [ 1, 0, 3 ],
    "to": [ 15, 1, 5 ],
    "faces": {
        "down":  { "uv": [ 11.5, 12, 11, 11.5 ], "rotation": 180, "texture": "#unwrap1" },
        "up":    { "uv": [ 4.5, 11.5, 5, 12 ], "rotation": 180, "texture": "#unwrap1" },
        "north": { "uv": [ 4.5, 11.5, 5, 12 ], "texture": "#unwrap1" },
        "south": { "uv": [ 11.5, 11.5, 11, 12 ], "texture": "#unwrap3" },
        "west":  { "uv": [ 10.5, 11.5, 9.5, 12 ], "texture": "#unwrap2" },
        "east":  { "uv": [ 9.5, 11.5, 10.5, 12 ], "texture": "#unwrap2" }
    }
},
{
    "from": [ 5, 0, -1 ],
    "to": [ 11, 2, 3 ],
    "faces": {
        "down":  { "uv": [ 12.5, 12, 10.5, 11.5 ], "rotation": 270, "texture": "#unwrap2" },
        "up":    { "uv": [ 6.5, 11, 9.5, 11.5 ], "rotation": 180, "texture": "#unwrap1" },
        "north": { "uv": [ 6.5, 11, 9.5, 12 ], "texture": "#unwrap1" },
        "south": { "uv": [ 9.5, 11, 6.5, 12 ], "texture": "#unwrap3" },
        "west":  { "uv": [ 12.5, 11, 10.5, 12 ], "texture": "#unwrap2" },
        "east":  { "uv": [ 10.5, 11, 12.5, 12 ], "texture": "#unwrap2" }
    }
},
{
    "from": [ 4, 0, 0 ],
    "to": [ 12, 2, 2 ],
    "faces": {
        "down":  { "uv": [ 10, 12, 6, 11 ], "rotation": 180, "texture": "#unwrap1" },
        "up":    { "uv": [ 6, 11, 10, 12 ], "rotation": 180, "texture": "#unwrap1" },
        "north": { "uv": [ 6, 11, 10, 12 ], "texture": "#unwrap1" },
        "south": { "uv": [ 10, 11, 6, 12 ], "texture": "#unwrap3" },
        "west":  { "uv": [ 12, 11, 11, 12 ], "texture": "#unwrap2" },
        "east":  { "uv": [ 11, 11, 12, 12 ], "texture": "#unwrap2" }
    }
},
{
    "from": [ 5, -1, 0 ],
    "to": [ 11, 0, 2 ],
    "faces": {
        "down":  { "uv": [ 6.5, 12, 9.5, 12.5 ], "rotation": 180, "texture": "#unwrap1" },
        "north": { "uv": [ 6.5, 12, 9.5, 12.5 ], "texture": "#unwrap1" },
        "south": { "uv": [ 9.5, 12, 6.5, 12.5 ], "texture": "#unwrap1" },
        "west":  { "uv": [ 12, 12, 11, 12.5 ], "texture": "#unwrap2" },
        "east":  { "uv": [ 11, 12, 12, 12.5 ], "texture": "#unwrap2" }
    }
},
{
    "from": [ 15, 1, 3 ],
    "to": [ 16, 2, 6 ],
    "faces": {
        "down":  { "uv": [ 10.5, 11.5, 9, 11 ], "rotation": 270, "texture": "#unwrap2" },
        "north": { "uv": [ 4, 11, 4.5, 11.5 ], "texture": "#unwrap1" },
        "south": { "uv": [ 4.5, 11, 4, 11.5 ], "texture": "#unwrap3" },
        "west":  { "uv": [ 10.5, 11, 9, 11.5 ], "texture": "#unwrap2" },
        "east":  { "uv": [ 9, 11, 10.5, 11.5 ], "texture": "#unwrap2" }
    }
},
{
    "from": [ 15, 2, 3 ],
    "to": [ 16, 5, 7 ],
    "faces": {
        "down":  { "uv": [ 10.5, 11, 8.5, 10.5 ], "rotation": 270, "texture": "#unwrap2" },
        "up":    { "uv": [ 8.5, 10.5, 10.5, 11 ], "rotation": 270, "texture": "#unwrap2" },
        "north": { "uv": [ 4, 9.5, 4.5, 11 ], "texture": "#unwrap1" },
        "south": { "uv": [ 4.5, 9.5, 4, 11 ], "texture": "#unwrap3" },
        "west":  { "uv": [ 10.5, 9.5, 8.5, 11 ], "texture": "#unwrap2" },
        "east":  { "uv": [ 8.5, 9.5, 10.5, 11 ], "texture": "#unwrap2" }
    }
},
{
    "from": [ 15, 5, 4 ],
    "to": [ 16, 7, 12 ],
    "faces": {
        "down":  { "uv": [ 10, 9.5, 6, 9 ], "rotation": 270, "texture": "#unwrap2" },
        "up":    { "uv": [ 6, 9, 10, 9.5 ], "rotation": 270, "texture": "#unwrap2" },
        "north": { "uv": [ 4, 8.5, 4.5, 9.5 ], "texture": "#unwrap1" },
        "south": { "uv": [ 4.5, 8.5, 4, 9.5 ], "texture": "#unwrap3" },
        "west":  { "uv": [ 10, 8.5, 6, 9.5 ], "texture": "#unwrap2" },
        "east":  { "uv": [ 6, 8.5, 10, 9.5 ], "texture": "#unwrap2" }
    }
},
{
    "from": [ 15, 4, 8 ],
    "to": [ 16, 5, 9 ],
    "faces": {
        "down":  { "uv": [ 8, 10, 7.5, 9.5 ], "rotation": 180, "texture": "#unwrap2" },
        "south": { "uv": [ 4.5, 9.5, 4, 10 ], "texture": "#unwrap3" },
        "west":  { "uv": [ 8, 9.5, 7.5, 10 ], "texture": "#unwrap2" },
        "east":  { "uv": [ 7.5, 9.5, 8, 10 ], "texture": "#unwrap2" }
    }
},
{
    "from": [ 15, 3, 7 ],
    "to": [ 16, 5, 8 ],
    "faces": {
        "down":  { "uv": [ 8.5, 10.5, 8, 10 ], "rotation": 180, "texture": "#unwrap2" },
        "south": { "uv": [ 4.5, 9.5, 4, 10.5 ], "texture": "#unwrap3" },
        "west":  { "uv": [ 8.5, 9.5, 8, 10.5 ], "texture": "#unwrap2" },
        "east":  { "uv": [ 8, 9.5, 8.5, 10.5 ], "texture": "#unwrap2" }
    }
},
{
    "from": [ 16, 9, 8 ],
    "to": [ 17, 10, 9 ],
    "faces": {
        "up":    { "uv": [ 3.5, 7.5, 4, 8 ], "rotation": 180, "texture": "#unwrap1" },
        "north": { "uv": [ 3.5, 7, 4, 7.5 ], "texture": "#unwrap1" },
        "south": { "uv": [ 4, 7, 3.5, 7.5 ], "texture": "#unwrap3" },
        "east":  { "uv": [ 7.5, 7, 8, 7.5 ], "texture": "#unwrap2" }
    }
},
{
    "from": [ 16, 6, 7 ],
    "to": [ 17, 9, 11 ],
    "faces": {
        "down":  { "uv": [ 8.5, 9, 6.5, 8.5 ], "rotation": 270, "texture": "#unwrap2" },
        "up":    { "uv": [ 6.5, 7.5, 8.5, 8 ], "rotation": 270, "texture": "#unwrap2" },
        "north": { "uv": [ 3.5, 7.5, 4, 9 ], "texture": "#unwrap1" },
        "south": { "uv": [ 4, 7.5, 3.5, 9 ], "texture": "#unwrap3" },
        "east":  { "uv": [ 6.5, 7.5, 8.5, 9 ], "texture": "#unwrap2" }
    }
},
{
    "from": [ 16, 6, 11 ],
    "to": [ 17, 8, 12 ],
    "faces": {
        "down":  { "uv": [ 12.5, 6.5, 12, 6 ], "rotation": 180, "texture": "#unwrap1" },
        "up":    { "uv": [ 3.5, 6, 4, 6.5 ], "rotation": 180, "texture": "#unwrap1" },
        "south": { "uv": [ 4, 8, 3.5, 9 ], "texture": "#unwrap3" },
        "east":  { "uv": [ 6, 8, 6.5, 9 ], "texture": "#unwrap2" }
    }
},
{
    "from": [ 15, 6, 5 ],
    "to": [ 16, 9, 16 ],
    "faces": {
        "down":  { "uv": [ 9.5, 9, 4, 8.5 ], "rotation": 270, "texture": "#unwrap2" },
        "up":    { "uv": [ 4, 7.5, 9.5, 8 ], "rotation": 270, "texture": "#unwrap2" },
        "north": { "uv": [ 4, 7.5, 4.5, 9 ], "texture": "#unwrap1" },
        "south": { "uv": [ 4.5, 7.5, 4, 9 ], "texture": "#unwrap3" },
        "west":  { "uv": [ 9.5, 7.5, 4, 9 ], "texture": "#unwrap2" },
        "east":  { "uv": [ 4, 7.5, 9.5, 9 ], "texture": "#unwrap2" }
    }
},
{
    "from": [ 15, 9, 6 ],
    "to": [ 16, 10, 11 ],
    "faces": {
        "up":    { "uv": [ 4, 6.5, 4.5, 9 ], "rotation": 180, "texture": "#unwrap1" },
        "north": { "uv": [ 4, 7, 4.5, 7.5 ], "texture": "#unwrap1" },
        "west":  { "uv": [ 9, 7, 6.5, 7.5 ], "texture": "#unwrap2" },
        "east":  { "uv": [ 6.5, 7, 9, 7.5 ], "texture": "#unwrap2" }
    }
},
{
    "from": [ 15, 7, 14 ],
    "to": [ 17, 13, 16 ],
    "faces": {
        "down":  { "uv": [ 4.5, 8.5, 3.5, 8 ], "rotation": 270, "texture": "#unwrap2" },
        "up":    { "uv": [ 3.5, 5.5, 4.5, 6 ], "rotation": 270, "texture": "#unwrap2" },
        "north": { "uv": [ 3.5, 5.5, 4.5, 8.5 ], "texture": "#unwrap1" },
        "south": { "uv": [ 4.5, 5.5, 3.5, 8.5 ], "texture": "#unwrap3" },
        "west":  { "uv": [ 5, 5.5, 4, 8.5 ], "texture": "#unwrap2" },
        "east":  { "uv": [ 4, 5.5, 5, 8.5 ], "texture": "#unwrap2" }
    }
},
{
    "from": [ 15, 9, 11 ],
    "to": [ 17, 14, 15 ],
    "faces": {
        "down":  { "uv": [ 12.5, 6.5, 11.5, 4.5 ], "rotation": 180, "texture": "#unwrap1" },
        "up":    { "uv": [ 4.5, 5, 6.5, 5.5 ], "rotation": 270, "texture": "#unwrap2" },
        "north": { "uv": [ 3.5, 5, 4.5, 7.5 ], "texture": "#unwrap1" },
        "south": { "uv": [ 4.5, 5, 3.5, 7.5 ], "texture": "#unwrap3" },
        "west":  { "uv": [ 6.5, 5, 4.5, 7.5 ], "texture": "#unwrap2" },
        "east":  { "uv": [ 4.5, 5, 6.5, 7.5 ], "texture": "#unwrap2" }
    }
},
{
    "from": [ 15, 10, 9 ],
    "to": [ 17, 15, 11 ],
    "faces": {
        "down":  { "uv": [ 7.5, 7, 6.5, 6.5 ], "rotation": 270, "texture": "#unwrap2" },
        "up":    { "uv": [ 6.5, 4.5, 7.5, 5 ], "rotation": 270, "texture": "#unwrap2" },
        "north": { "uv": [ 3.5, 4.5, 4.5, 7 ], "texture": "#unwrap1" },
        "south": { "uv": [ 11.5, 4.5, 12.5, 7 ], "texture": "#unwrap3" },
        "west":  { "uv": [ 8.5, 4.5, 9.5, 7 ], "texture": "#unwrap2" },
        "east":  { "uv": [ 6.5, 4.5, 7.5, 7 ], "texture": "#unwrap2" }
    }
},
{
    "from": [ 1, 6, 15 ],
    "to": [ 15, 7, 17 ],
    "faces": {
        "down":  { "uv": [ 11.5, 9, 4.5, 8.5 ], "rotation": 180, "texture": "#unwrap3" },
        "up":    { "uv": [ 4.5, 3.5, 11.5, 4 ], "rotation": 180, "texture": "#unwrap1" },
        "north": { "uv": [ 4.5, 8.5, 11.5, 9 ], "texture": "#unwrap3" },
        "south": { "uv": [ 11.5, 8.5, 4.5, 9 ], "texture": "#unwrap3" },
        "west":  { "uv": [ 4, 8.5, 3.5, 9 ], "texture": "#unwrap2" },
        "east":  { "uv": [ 3.5, 8.5, 4, 9 ], "texture": "#unwrap2" }
    }
},
{
    "from": [ -1, 7, 14 ],
    "to": [ 1, 13, 16 ],
    "faces": {
        "down":  { "uv": [ 5, 8.5, 4, 8 ], "rotation": 270, "texture": "#unwrap2" },
        "up":    { "uv": [ 4, 5.5, 5, 6 ], "rotation": 270, "texture": "#unwrap2" },
        "north": { "uv": [ 11.5, 5.5, 12.5, 8.5 ], "texture": "#unwrap1" },
        "south": { "uv": [ 12.5, 5.5, 11.5, 8.5 ], "texture": "#unwrap3" },
        "west":  { "uv": [ 5, 5.5, 4, 8.5 ], "texture": "#unwrap2" },
        "east":  { "uv": [ 4, 5.5, 5, 8.5 ], "texture": "#unwrap2" }
    }
},
{
    "from": [ -1, 9, 11 ],
    "to": [ 1, 14, 15 ],
    "faces": {
        "down":  { "uv": [ 6.5, 7.5, 4.5, 7 ], "rotation": 270, "texture": "#unwrap2" },
        "up":    { "uv": [ 4.5, 5, 6.5, 5.5 ], "rotation": 270, "texture": "#unwrap2" },
        "north": { "uv": [ 11.5, 5, 12.5, 7.5 ], "texture": "#unwrap1" },
        "south": { "uv": [ 12.5, 5, 11.5, 7.5 ], "texture": "#unwrap3" },
        "west":  { "uv": [ 6.5, 5, 4.5, 7.5 ], "texture": "#unwrap2" },
        "east":  { "uv": [ 4.5, 5, 6.5, 7.5 ], "texture": "#unwrap2" }
    }
},
{
    "from": [ -1, 10, 9 ],
    "to": [ 1, 15, 11 ],
    "faces": {
        "down":  { "uv": [ 7.5, 7, 6.5, 6.5 ], "rotation": 270, "texture": "#unwrap2" },
        "up":    { "uv": [ 6.5, 4.5, 7.5, 5 ], "rotation": 270, "texture": "#unwrap2" },
        "north": { "uv": [ 11.5, 4.5, 12.5, 7 ], "texture": "#unwrap1" },
        "south": { "uv": [ 12.5, 4.5, 11.5, 7 ], "texture": "#unwrap3" },
        "west":  { "uv": [ 7.5, 4.5, 6.5, 7 ], "texture": "#unwrap2" },
        "east":  { "uv": [ 6.5, 4.5, 7.5, 7 ], "texture": "#unwrap2" }
    }
},
{
    "from": [ -1, 11, 2 ],
    "to": [ 1, 15, 9 ],
    "faces": {
        "down":  { "uv": [ 11, 6.5, 7.5, 6 ], "rotation": 270, "texture": "#unwrap2" },
        "up":    { "uv": [ 7.5, 4.5, 11, 5 ], "rotation": 270, "texture": "#unwrap2" },
        "north": { "uv": [ 11.5, 4.5, 12.5, 6.5 ], "texture": "#unwrap1" },
        "west":  { "uv": [ 11, 4.5, 7.5, 6.5 ], "texture": "#unwrap2" },
        "east":  { "uv": [ 7.5, 4.5, 11, 6.5 ], "texture": "#unwrap2" }
    }
},
{
    "from": [ 0, 11, 1 ],
    "to": [ 1, 16, 6 ],
    "faces": {
        "up":    { "uv": [ 9, 4, 11.5, 4.5 ], "rotation": 270, "texture": "#unwrap2" },
        "north": { "uv": [ 11.5, 4, 12, 6.5 ], "texture": "#unwrap1" },
        "south": { "uv": [ 12, 4, 11.5, 6.5 ], "texture": "#unwrap3" },
        "west":  { "uv": [ 11.5, 4, 9, 6.5 ], "texture": "#unwrap2" },
        "east":  { "uv": [ 9, 4, 11.5, 6.5 ], "texture": "#unwrap2" }
    }
},
{
    "from": [ 0, 6, 5 ],
    "to": [ 1, 9, 16 ],
    "faces": {
        "down":  { "uv": [ 9.5, 9, 4, 8.5 ], "rotation": 270, "texture": "#unwrap2" },
        "up":    { "uv": [ 4, 7.5, 9.5, 8 ], "rotation": 270, "texture": "#unwrap2" },
        "north": { "uv": [ 11.5, 7.5, 12, 9 ], "texture": "#unwrap1" },
        "south": { "uv": [ 12, 7.5, 11.5, 9 ], "texture": "#unwrap3" },
        "west":  { "uv": [ 9.5, 7.5, 4, 9 ], "texture": "#unwrap2" },
        "east":  { "uv": [ 4, 7.5, 9.5, 9 ], "texture": "#unwrap2" }
    }
},
{
    "from": [ 0, 9, 6 ],
    "to": [ 1, 10, 11 ],
    "faces": {
        "up":    { "uv": [ 11.5, 6.5, 12, 9 ], "rotation": 180, "texture": "#unwrap1" },
        "north": { "uv": [ 11.5, 7, 12, 7.5 ], "texture": "#unwrap1" },
        "west":  { "uv": [ 9, 7, 6.5, 7.5 ], "texture": "#unwrap2" },
        "east":  { "uv": [ 6.5, 7, 9, 7.5 ], "texture": "#unwrap2" }
    }
},
{
    "from": [ -1, 9, 8 ],
    "to": [ 0, 10, 9 ],
    "faces": {
        "up":    { "uv": [ 12, 7.5, 12.5, 8 ], "rotation": 180, "texture": "#unwrap1" },
        "north": { "uv": [ 12, 7, 12.5, 7.5 ], "texture": "#unwrap1" },
        "south": { "uv": [ 12.5, 7, 12, 7.5 ], "texture": "#unwrap3" },
        "west":  { "uv": [ 8, 7, 7.5, 7.5 ], "texture": "#unwrap2" }
    }
},
{
    "from": [ -1, 6, 7 ],
    "to": [ 0, 9, 11 ],
    "faces": {
        "down":  { "uv": [ 8.5, 9, 6.5, 8.5 ], "rotation": 270, "texture": "#unwrap2" },
        "up":    { "uv": [ 6.5, 7.5, 8.5, 8 ], "rotation": 270, "texture": "#unwrap2" },
        "north": { "uv": [ 12, 7.5, 12.5, 9 ], "texture": "#unwrap1" },
        "south": { "uv": [ 12.5, 7.5, 12, 9 ], "texture": "#unwrap3" },
        "west":  { "uv": [ 8.5, 7.5, 6.5, 9 ], "texture": "#unwrap2" }
    }
},
{
    "from": [ -1, 6, 11 ],
    "to": [ 0, 8, 12 ],
    "faces": {
        "down":  { "uv": [ 4, 6.5, 3.5, 6 ], "rotation": 180, "texture": "#unwrap1" },
        "up":    { "uv": [ 12, 6, 12.5, 6.5 ], "rotation": 180, "texture": "#unwrap1" },
        "south": { "uv": [ 12.5, 8, 12, 9 ], "texture": "#unwrap3" },
        "west":  { "uv": [ 6.5, 8, 6, 9 ], "texture": "#unwrap2" }
    }
},
{
    "from": [ 0, 10, 1 ],
    "to": [ 1, 11, 9 ],
    "faces": {
        "down":  { "uv": [ 11.5, 7, 7.5, 6.5 ], "rotation": 270, "texture": "#unwrap2" },
        "up":    { "uv": [ 7.5, 6.5, 11.5, 7 ], "rotation": 270, "texture": "#unwrap2" },
        "north": { "uv": [ 11.5, 6.5, 12, 7 ], "texture": "#unwrap1" },
        "west":  { "uv": [ 11.5, 6.5, 7.5, 7 ], "texture": "#unwrap2" },
        "east":  { "uv": [ 7.5, 6.5, 11.5, 7 ], "texture": "#unwrap2" }
    }
},
{
    "from": [ 0, 5, 4 ],
    "to": [ 1, 7, 12 ],
    "faces": {
        "down":  { "uv": [ 10, 9.5, 6, 9 ], "rotation": 270, "texture": "#unwrap2" },
        "up":    { "uv": [ 6, 8.5, 10, 9 ], "rotation": 270, "texture": "#unwrap2" },
        "north": { "uv": [ 11.5, 8.5, 12, 9.5 ], "texture": "#unwrap1" },
        "south": { "uv": [ 12, 8.5, 11.5, 9.5 ], "texture": "#unwrap3" },
        "west":  { "uv": [ 10, 8.5, 6, 9.5 ], "texture": "#unwrap2" },
        "east":  { "uv": [ 6, 8.5, 10, 9.5 ], "texture": "#unwrap2" }
    }
},
{
    "from": [ 0, 2, 3 ],
    "to": [ 1, 5, 7 ],
    "faces": {
        "down":  { "uv": [ 10.5, 11, 8.5, 10.5 ], "rotation": 270, "texture": "#unwrap2" },
        "up":    { "uv": [ 8.5, 9.5, 10.5, 10 ], "rotation": 270, "texture": "#unwrap2" },
        "north": { "uv": [ 11.5, 9.5, 12, 11 ], "texture": "#unwrap1" },
        "south": { "uv": [ 12, 9.5, 11.5, 11 ], "texture": "#unwrap3" },
        "west":  { "uv": [ 10.5, 9.5, 8.5, 11 ], "texture": "#unwrap2" },
        "east":  { "uv": [ 8.5, 9.5, 10.5, 11 ], "texture": "#unwrap2" }
    }
},
{
    "from": [ 0, 3, 7 ],
    "to": [ 1, 5, 8 ],
    "faces": {
        "down":  { "uv": [ 8.5, 10.5, 8, 10 ], "rotation": 180, "texture": "#unwrap2" },
        "south": { "uv": [ 12, 9.5, 11.5, 10.5 ], "texture": "#unwrap3" },
        "west":  { "uv": [ 8.5, 9.5, 8, 10.5 ], "texture": "#unwrap2" },
        "east":  { "uv": [ 8, 9.5, 8.5, 10.5 ], "texture": "#unwrap2" }
    }
},
{
    "from": [ 0, 4, 8 ],
    "to": [ 1, 5, 9 ],
    "faces": {
        "down":  { "uv": [ 8, 10, 7.5, 9.5 ], "rotation": 180, "texture": "#unwrap2" },
        "south": { "uv": [ 12, 9.5, 11.5, 10 ], "texture": "#unwrap3" },
        "west":  { "uv": [ 8, 9.5, 7.5, 10 ], "texture": "#unwrap2" },
        "east":  { "uv": [ 7.5, 9.5, 8, 10 ], "texture": "#unwrap2" }
    }
},
{
    "from": [ 3, 10, -1 ],
    "to": [ 13, 11, 0 ],
    "faces": {
        "down":  { "uv": [ 10.5, 7, 5.5, 6.5 ], "rotation": 180, "texture": "#unwrap1" },
        "up":    { "uv": [ 5.5, 6.5, 10.5, 7 ], "rotation": 180, "texture": "#unwrap1" },
        "north": { "uv": [ 5.5, 6.5, 10.5, 7 ], "texture": "#unwrap1" },
        "west":  { "uv": [ 12.5, 6.5, 12, 7 ], "texture": "#unwrap2" },
        "east":  { "uv": [ 12, 6.5, 12.5, 7 ], "texture": "#unwrap2" }
    }
},
{
    "from": [ 2, 9, -1 ],
    "to": [ 4, 10, 0 ],
    "faces": {
        "down":  { "uv": [ 10, 7, 11, 7.5 ], "rotation": 180, "texture": "#unwrap1" },
        "up":    { "uv": [ 10, 7, 11, 7.5 ], "rotation": 180, "texture": "#unwrap1" },
        "north": { "uv": [ 10, 7, 11, 7.5 ], "texture": "#unwrap1" },
        "south": { "uv": [ 11, 7, 10, 7.5 ], "texture": "#unwrap1" },
        "west":  { "uv": [ 12.5, 7, 12, 7.5 ], "texture": "#unwrap2" },
        "east":  { "uv": [ 12, 7, 12.5, 7.5 ], "texture": "#unwrap2" }
    }
},
{
    "from": [ 1, 9, 0 ],
    "to": [ 2, 10, 1 ],
    "faces": {
        "down":  { "uv": [ 12, 7.5, 11.5, 7 ], "rotation": 180, "texture": "#unwrap2" },
        "north": { "uv": [ 11, 7, 11.5, 7.5 ], "texture": "#unwrap1" },
        "south": { "uv": [ 11.5, 7, 11, 7.5 ], "texture": "#unwrap1" },
        "west":  { "uv": [ 12, 7, 11.5, 7.5 ], "texture": "#unwrap2" },
        "east":  { "uv": [ 11.5, 7, 12, 7.5 ], "texture": "#unwrap2" }
    }
},
{
    "from": [ 0, 1, 3 ],
    "to": [ 1, 2, 6 ],
    "faces": {
        "down":  { "uv": [ 10.5, 11.5, 9, 11 ], "rotation": 180, "texture": "#unwrap2" },
        "north": { "uv": [ 11.5, 11, 12, 11.5 ], "texture": "#unwrap1" },
        "south": { "uv": [ 12, 11, 11.5, 11.5 ], "texture": "#unwrap3" },
        "west":  { "uv": [ 10.5, 11, 9, 11.5 ], "texture": "#unwrap2" },
        "east":  { "uv": [ 9, 11, 10.5, 11.5 ], "texture": "#unwrap2" }
    }
}
],
"display": {
    "head": {
        "rotation": [ 0, 0, 0 ],
        "translation": [ 0, 0, 0 ],
        "scale": [ 1.02, 1.02, 1.02 ]
    },
    "fixed": {
        "rotation": [ 0, 0, 0 ],
        "translation": [ 0, 0, 0 ],
        "scale": [ 1, 1, 1 ]
    },
    "gui": {
        "rotation": [ 30, -45, 0 ],
        "translation": [ 0, -0.4, 0 ],
        "scale": [ 1, 1, 1 ]
    }
}
}