{
"__comment": "Designed by Hypixel minecraft server with BDcraft Cubik PRO 0.91 Beta - http://bdcraft.net",
"ambientocclusion": false,
"textures": {
    "particle": "items/stone_hoe",
    "texture": "items/stone_hoe"
},
"elements": [ 
{
    "from": [ 8, 10, 8 ],
    "to": [ 9, 10.5, 9 ],
    "faces": {
        "up":    { "uv": [ 3, 1.5, 4, 2 ], "texture": "#texture" },
        "north": { "uv": [ 3, 1.5, 4, 2 ], "texture": "#texture" },
        "south": { "uv": [ 3, 1.5, 4, 2 ], "texture": "#texture" },
        "west":  { "uv": [ 3, 1.5, 4, 2 ], "texture": "#texture" },
        "east":  { "uv": [ 3, 1.5, 4, 2 ], "texture": "#texture" }
    }
},
{
    "from": [ 8, 9.5, 7.5 ],
    "to": [ 9, 10, 10.5 ],
    "faces": {
        "up":    { "uv": [ 5.5, 2, 2.5, 2.5 ], "rotation": 270, "texture": "#texture" },
        "north": { "uv": [ 2.5, 2, 3, 2.5 ], "texture": "#texture" },
        "south": { "uv": [ 5, 2, 5.5, 2.5 ], "texture": "#texture" },
        "west":  { "uv": [ 2.5, 2, 5.5, 2.5 ], "texture": "#texture" },
        "east":  { "uv": [ 5.5, 2, 2.5, 2.5 ], "texture": "#texture" }
    }
},
{
    "from": [ 8, 9, 7 ],
    "to": [ 9, 9.5, 10.5 ],
    "faces": {
        "down":  { "uv": [ 5.5, 3, 2, 2.5 ], "rotation": 90, "texture": "#texture" },
        "up":    { "uv": [ 2, 2.5, 5.5, 3 ], "rotation": 90, "texture": "#texture" },
        "north": { "uv": [ 2, 2.5, 3, 3 ], "texture": "#texture" },
        "south": { "uv": [ 5, 2.5, 5.5, 3 ], "texture": "#texture" },
        "west":  { "uv": [ 2, 2.5, 5.5, 3 ], "texture": "#texture" },
        "east":  { "uv": [ 5.5, 2.5, 2, 3 ], "texture": "#texture" }
    }
},
{
    "from": [ 8, 5.5, 10 ],
    "to": [ 9, 9, 10.5 ],
    "faces": {
        "north": { "uv": [ 5, 3, 5.5, 6.5 ], "texture": "#texture" },
        "south": { "uv": [ 5, 3, 5.5, 6.5 ], "texture": "#texture" },
        "west":  { "uv": [ 5, 3, 5.5, 6.5 ], "texture": "#texture" },
        "east":  { "uv": [ 5, 3, 5.5, 6.5 ], "texture": "#texture" }
    }
},
{
    "from": [ 8, 4, 10 ],
    "to": [ 9, 5.5, 11 ],
    "faces": {
        "down":  { "uv": [ 6, 7.5, 5, 6.5 ], "rotation": 90, "texture": "#texture" },
        "up":    { "uv": [ 5, 7, 6, 8 ], "rotation": 90, "texture": "#texture" },
        "north": { "uv": [ 5, 6.5, 5.5, 8 ], "texture": "#texture" },
        "south": { "uv": [ 5.5, 6.5, 6, 8 ], "texture": "#texture" },
        "west":  { "uv": [ 5, 6.5, 6, 8 ], "texture": "#texture" },
        "east":  { "uv": [ 6, 6.5, 5, 8 ], "texture": "#texture" }
    }
},
{
    "from": [ 8, 8, 6.5 ],
    "to": [ 9, 9, 9.5 ],
    "faces": {
        "down":  { "uv": [ 4.5, 4, 1.5, 3 ], "rotation": 90, "texture": "#texture" },
        "up":    { "uv": [ 1.5, 3, 4.5, 4 ], "rotation": 90, "texture": "#texture" },
        "north": { "uv": [ 1.5, 3, 2, 4 ], "texture": "#texture" },
        "south": { "uv": [ 4, 3, 4.5, 4 ], "texture": "#texture" },
        "west":  { "uv": [ 1.5, 3, 4.5, 4 ], "texture": "#texture" },
        "east":  { "uv": [ 4.5, 3, 1.5, 4 ], "texture": "#texture" }
    }
},
{
    "from": [ 8, 7, 7 ],
    "to": [ 9, 8, 9 ],
    "faces": {
        "north": { "uv": [ 2, 4, 2.5, 5 ], "texture": "#texture" },
        "south": { "uv": [ 3.5, 4, 4, 5 ], "texture": "#texture" },
        "west":  { "uv": [ 2, 4, 4, 5 ], "texture": "#texture" },
        "east":  { "uv": [ 4, 4, 2, 5 ], "texture": "#texture" }
    }
},
{
    "from": [ 8, 3.5, 6.5 ],
    "to": [ 9, 7, 9.5 ],
    "faces": {
        "down":  { "uv": [ 4.5, 8.5, 1.5, 8 ], "rotation": 90, "texture": "#texture" },
        "up":    { "uv": [ 1.5, 5, 4.5, 5.5 ], "rotation": 90, "texture": "#texture" },
        "north": { "uv": [ 1.5, 5, 2, 8.5 ], "texture": "#texture" },
        "south": { "uv": [ 4, 5, 4.5, 8.5 ], "texture": "#texture" },
        "west":  { "uv": [ 1.5, 5, 4.5, 8.5 ], "texture": "#texture" },
        "east":  { "uv": [ 4.5, 5, 1.5, 8.5 ], "texture": "#texture" }
    }
},
{
    "from": [ 8, 2.5, 7 ],
    "to": [ 9, 3.5, 9 ],
    "faces": {
        "down":  { "uv": [ 4, 9, 2, 8.5 ], "rotation": 90, "texture": "#texture" },
        "north": { "uv": [ 2, 8.5, 2.5, 9.5 ], "texture": "#texture" },
        "south": { "uv": [ 3.5, 8.5, 4, 9.5 ], "texture": "#texture" },
        "west":  { "uv": [ 2, 8.5, 4, 9.5 ], "texture": "#texture" },
        "east":  { "uv": [ 4, 8.5, 2, 9.5 ], "texture": "#texture" }
    }
},
{
    "from": [ 8, 1.5, 7.5 ],
    "to": [ 9, 2.5, 8.5 ],
    "faces": {
        "down":  { "uv": [ 3.5, 10.5, 2.5, 9.5 ], "texture": "#texture" },
        "north": { "uv": [ 2.5, 9.5, 3.5, 10.5 ], "texture": "#texture" },
        "south": { "uv": [ 2.5, 9.5, 3.5, 10.5 ], "texture": "#texture" },
        "west":  { "uv": [ 2.5, 9.5, 3.5, 10.5 ], "texture": "#texture" },
        "east":  { "uv": [ 2.5, 9.5, 3.5, 10.5 ], "texture": "#texture" }
    }
},
{
    "from": [ 7.5, 9.5, 8 ],
    "to": [ 9.5, 10, 9 ],
    "faces": {
        "up":    { "uv": [ 3, 2, 4, 2.5 ], "texture": "#texture" },
        "north": { "uv": [ 3, 2, 4, 2.5 ], "texture": "#texture" },
        "south": { "uv": [ 3, 2, 4, 2.5 ], "texture": "#texture" },
        "west":  { "uv": [ 3, 2, 4, 2.5 ], "texture": "#texture" },
        "east":  { "uv": [ 4, 2, 3, 2.5 ], "texture": "#texture" }
    }
},
{
    "from": [ 7.5, 9, 7.5 ],
    "to": [ 9.5, 9.5, 10 ],
    "faces": {
        "down":  { "uv": [ 5, 3, 4, 2.5 ], "texture": "#texture" },
        "up":    { "uv": [ 4, 2.5, 5, 3 ], "texture": "#texture" },
        "north": { "uv": [ 2.5, 2.5, 4.5, 3 ], "texture": "#texture" },
        "south": { "uv": [ 2.5, 2.5, 4.5, 3 ], "texture": "#texture" },
        "west":  { "uv": [ 2.5, 2.5, 5, 3 ], "texture": "#texture" },
        "east":  { "uv": [ 5, 2.5, 2.5, 3 ], "texture": "#texture" }
    }
},
{
    "from": [ 7.5, 8, 7 ],
    "to": [ 9.5, 9, 9 ],
    "faces": {
        "down":  { "uv": [ 4, 3.5, 2, 3 ], "rotation": 90, "texture": "#texture" },
        "up":    { "uv": [ 2, 3, 4, 3.5 ], "rotation": 90, "texture": "#texture" },
        "north": { "uv": [ 2, 3, 2.5, 4 ], "texture": "#texture" },
        "south": { "uv": [ 3.5, 3, 4, 4 ], "texture": "#texture" },
        "west":  { "uv": [ 2, 3, 4, 4 ], "texture": "#texture" },
        "east":  { "uv": [ 4, 3, 2, 4 ], "texture": "#texture" }
    }
},
{
    "from": [ 7.5, 7, 7.5 ],
    "to": [ 9.5, 8, 8.5 ],
    "faces": {
        "north": { "uv": [ 2.5, 4, 3, 5 ], "texture": "#texture" },
        "south": { "uv": [ 3, 4, 3.5, 5 ], "texture": "#texture" },
        "west":  { "uv": [ 2.5, 4, 3.5, 5 ], "texture": "#texture" },
        "east":  { "uv": [ 3.5, 4, 2.5, 5 ], "texture": "#texture" }
    }
},
{
    "from": [ 7.5, 3.5, 7 ],
    "to": [ 9.5, 7, 9 ],
    "faces": {
        "down":  { "uv": [ 4, 8, 2, 8.5 ], "rotation": 90, "texture": "#texture" },
        "up":    { "uv": [ 2, 5, 4, 5.5 ], "rotation": 90, "texture": "#texture" },
        "north": { "uv": [ 2, 5, 2.5, 8.5 ], "texture": "#texture" },
        "south": { "uv": [ 3.5, 5, 4, 8.5 ], "texture": "#texture" },
        "west":  { "uv": [ 2, 5, 4, 8.5 ], "texture": "#texture" },
        "east":  { "uv": [ 4, 5, 2, 8.5 ], "texture": "#texture" }
    }
},
{
    "from": [ 7.5, 2.5, 7.5 ],
    "to": [ 9.5, 3.5, 8.5 ],
    "faces": {
        "down":  { "uv": [ 4, 9.5, 2, 8.5 ], "texture": "#texture" },
        "north": { "uv": [ 2, 8.5, 4, 9.5 ], "texture": "#texture" },
        "south": { "uv": [ 2, 8.5, 4, 9.5 ], "texture": "#texture" },
        "west":  { "uv": [ 2.5, 8.5, 3.5, 9.5 ], "texture": "#texture" },
        "east":  { "uv": [ 2.5, 8.5, 3.5, 9.5 ], "texture": "#texture" }
    }
},
{
    "from": [ 7, 8, 7.5 ],
    "to": [ 10, 9, 8.5 ],
    "faces": {
        "down":  { "uv": [ 3.5, 4, 2.5, 3.5 ], "rotation": 90, "texture": "#texture" },
        "up":    { "uv": [ 2.5, 3, 3.5, 3.5 ], "texture": "#texture" },
        "north": { "uv": [ 2.5, 3, 3, 4 ], "texture": "#texture" },
        "south": { "uv": [ 3, 3, 3.5, 4 ], "texture": "#texture" },
        "west":  { "uv": [ 2.5, 3, 3.5, 4 ], "texture": "#texture" },
        "east":  { "uv": [ 3.5, 3, 2.5, 4 ], "texture": "#texture" }
    }
},
{
    "from": [ 7, 5.5, 7.5 ],
    "to": [ 10, 7, 8.5 ],
    "faces": {
        "down":  { "uv": [ 3.5, 6.5, 2.5, 6 ], "rotation": 90, "texture": "#texture" },
        "up":    { "uv": [ 2.5, 5, 3.5, 5.5 ], "texture": "#texture" },
        "north": { "uv": [ 2.5, 5, 3, 6.5 ], "texture": "#texture" },
        "south": { "uv": [ 3, 5, 3.5, 6.5 ], "texture": "#texture" },
        "west":  { "uv": [ 2.5, 5, 3.5, 6.5 ], "texture": "#texture" },
        "east":  { "uv": [ 3.5, 5, 2.5, 6.5 ], "texture": "#texture" }
    }
},
{
    "from": [ 9, 3.5, 7.5 ],
    "to": [ 10, 5.5, 8.5 ],
    "faces": {
        "down":  { "uv": [ 3.5, 8.5, 2.5, 7.5 ], "texture": "#texture" },
        "north": { "uv": [ 2.5, 6.5, 3, 8.5 ], "texture": "#texture" },
        "south": { "uv": [ 3, 6.5, 3.5, 8.5 ], "texture": "#texture" },
        "east":  { "uv": [ 3.5, 6.5, 2.5, 8.5 ], "texture": "#texture" }
    }
},
{
    "from": [ 7, 3.5, 7.5 ],
    "to": [ 8, 4.5, 8.5 ],
    "faces": {
        "down":  { "uv": [ 3.5, 8.5, 2.5, 7.5 ], "texture": "#texture" },
        "up":    { "uv": [ 2.5, 7.5, 3.5, 8.5 ], "texture": "#texture" },
        "north": { "uv": [ 2.5, 7.5, 3.5, 8.5 ], "texture": "#texture" },
        "south": { "uv": [ 2.5, 7.5, 3.5, 8.5 ], "texture": "#texture" },
        "west":  { "uv": [ 2.5, 7.5, 3.5, 8.5 ], "texture": "#texture" }
    }
}
],
"display": {
    "thirdperson": {
        "rotation": [ -119, -16, 1 ],
        "translation": [ 0.1, -0.1, -2.4 ],
        "scale": [ 1, 1, 1 ]
    },
    "firstperson": {
        "rotation": [ -6, -180, 14 ],
        "translation": [ 0, 3.5, 0 ],
        "scale": [ 2, 2, 2 ]
    },
    "gui": {
        "rotation": [ 0, -135, -30 ],
        "translation": [ 0, 1.9, 0.5 ],
        "scale": [ 2, 2, 2 ]
    }
}
}