{
"__comment": "Designed by Noxy with BDcraft Cubik PRO 0.87 Beta",
"ambientocclusion": false,
"textures": {
    "particle": "blocks/glass_red",
    "texture": "blocks/glass_red"
},
"elements": [ 
{
    "from": [ -16, 7.5, 7.5 ],
    "to": [ 16, 8.5, 8.5 ],
    "shade": false,
    "faces": {
        "down":  { "uv": [ 0, 0, 16, 0.5 ], "texture": "#texture" },
        "up":    { "uv": [ 0, 0, 16, 0.5 ], "texture": "#texture" },
        "north": { "uv": [ 16, 0, 0, 0.5 ], "texture": "#texture" },
        "south": { "uv": [ 0, 0, 16, 0.5 ], "texture": "#texture" },
        "west":  { "uv": [ 0, 1.5, 1, 2.5 ], "texture": "#texture" },
        "east":  { "uv": [ 15.5, 0, 16, 0.5 ], "texture": "#texture" }
    }
},
{
    "from": [ 10.75, 7.25, 7.5 ],
    "to": [ 15.75, 8.75, 8.5 ],
    "shade": false,
    "faces": {
        "down":  { "uv": [ 12, 2, 16, 2.75 ], "texture": "#texture" },
        "up":    { "uv": [ 12, 2, 16, 2.75 ], "texture": "#texture" },
        "north": { "uv": [ 16, 2, 12, 2.75 ], "texture": "#texture" },
        "south": { "uv": [ 12, 2, 16, 2.75 ], "texture": "#texture" },
        "west":  { "uv": [ 12.5, 2.25, 12.75, 2.75 ], "texture": "#texture" },
        "east":  { "uv": [ 15.5, 2, 16, 2.5 ], "texture": "#texture" }
    }
},
{
    "from": [ 10.75, 7.5, 7.25 ],
    "to": [ 15.5, 8.5, 8.75 ],
    "shade": false,
    "faces": {
        "down":  { "uv": [ 12, 2, 16, 2.75 ], "texture": "#texture" },
        "up":    { "uv": [ 12, 2, 16, 2.75 ], "texture": "#texture" },
        "north": { "uv": [ 16, 2, 12, 2.75 ], "texture": "#texture" },
        "south": { "uv": [ 12, 2, 16, 2.75 ], "texture": "#texture" },
        "west":  { "uv": [ 12.5, 2, 12.75, 2.5 ], "rotation": 90, "texture": "#texture" },
        "east":  { "uv": [ 15.25, 2, 15.75, 2.5 ], "texture": "#texture" }
    }
},
{
    "from": [ 9.75, 8, 7.25 ],
    "to": [ 10.75, 8.5, 8.75 ],
    "shade": false,
    "faces": {
        "up":    { "uv": [ 12, 2, 16, 2.75 ], "texture": "#texture" },
        "north": { "uv": [ 16, 2, 12, 2.75 ], "texture": "#texture" },
        "south": { "uv": [ 12, 2, 16, 2.75 ], "texture": "#texture" },
        "west":  { "uv": [ 13.5, 2.25, 13.75, 2.75 ], "texture": "#texture" }
    }
},
{
    "from": [ 8.5, 7.5, 7.25 ],
    "to": [ 10.75, 8, 8.75 ],
    "shade": false,
    "faces": {
        "down":  { "uv": [ 12, 2, 16, 2.75 ], "texture": "#texture" },
        "up":    { "uv": [ 12, 2, 16, 2.75 ], "texture": "#texture" },
        "north": { "uv": [ 16, 2, 12, 2.75 ], "texture": "#texture" },
        "south": { "uv": [ 12, 2, 16, 2.75 ], "texture": "#texture" },
        "west":  { "uv": [ 12.25, 2.25, 12.5, 2.75 ], "texture": "#texture" }
    }
},
{
    "from": [ 9.5, 7.375, 7.375 ],
    "to": [ 10.75, 8.625, 7.875 ],
    "shade": false,
    "faces": {
        "down":  { "uv": [ 12, 2, 16, 2.75 ], "texture": "#texture" },
        "up":    { "uv": [ 12, 2, 16, 2.75 ], "texture": "#texture" },
        "north": { "uv": [ 16, 2, 12, 2.75 ], "texture": "#texture" },
        "west":  { "uv": [ 13, 2, 13.25, 2.5 ], "texture": "#texture" },
        "east":  { "uv": [ 15.5, 2, 16, 2.5 ], "texture": "#texture" }
    }
},
{
    "from": [ 8.5, 7.375, 7.875 ],
    "to": [ 10.75, 8.625, 8.625 ],
    "shade": false,
    "faces": {
        "down":  { "uv": [ 12, 2, 16, 2.75 ], "texture": "#texture" },
        "up":    { "uv": [ 12, 2, 16, 2.75 ], "texture": "#texture" },
        "north": { "uv": [ 16, 2, 12, 2.75 ], "texture": "#texture" },
        "south": { "uv": [ 12, 2, 16, 2.75 ], "texture": "#texture" },
        "west":  { "uv": [ 14, 2.25, 14.25, 2.75 ], "texture": "#texture" },
        "east":  { "uv": [ 15.25, 2, 15.75, 2.5 ], "texture": "#texture" }
    }
},
{
    "from": [ -16, 7.75, 7.75 ],
    "to": [ 15.75, 8.25, 8.25 ],
    "faces": {
        "down":  { "uv": [ 0, 3, 16, 3.5 ], "texture": "#texture" },
        "up":    { "uv": [ 0, 3, 16, 3.5 ], "texture": "#texture" },
        "north": { "uv": [ 16, 3, 0, 3.5 ], "texture": "#texture" },
        "south": { "uv": [ 0, 3, 16, 3.5 ], "texture": "#texture" },
        "west":  { "uv": [ 1.75, 5, 2.5, 6 ], "texture": "#texture" },
        "east":  { "uv": [ 15.5, 3, 16, 3.5 ], "texture": "#texture" }
    }
}
],
"display": {
    "thirdperson": {
        "rotation": [ 0, 91, 16 ],
        "translation": [ -0.1, 2.3, -6.8 ],
        "scale": [ 1, 1, 1 ]
    },
    "head": {
        "rotation": [ 0, 90, 0 ],
        "translation": [ 0, 0, 0 ],
        "scale": [ 2, 2, 2 ]
    },
    "firstperson": {
        "rotation": [ 0, 43, 0 ],
        "translation": [ 0, 4.4, 0 ],
        "scale": [ 2, 2, 2 ]
    },
    "gui": {
        "rotation": [ -30, 135, 0 ],
        "translation": [ -0.1, -0.4, -0.1 ],
        "scale": [ 1.46, 1.46, 1.46 ]
    }
}
}