{
"__comment": "Designed by Hypixel minecraft server with BDcraft Cubik PRO 0.90 Beta - http://bdcraft.net",
"ambientocclusion": false,
"textures": {
    "texture": "blocks/mushroom_red"
},
"elements": [ 
{
    "from": [ 0, 0, 0 ],
    "to": [ 0.0625, 16, 22.8125 ],
    "shade": false,
    "rotation": { "origin": [ 0, 0, 0 ], "axis": "y", "angle": 45 },
    "faces": {
        "west":  { "uv": [ 0, 0, 16, 16 ], "texture": "#texture" },
        "east":  { "uv": [ 0, 0, 16, 16 ], "texture": "#texture" }
    }
},
{
    "from": [ 16, 0, 0 ],
    "to": [ 16.0625, 16, 22.8125 ],
    "shade": false,
    "rotation": { "origin": [ 16, 0, 0 ], "axis": "y", "angle": -45 },
    "faces": {
        "west":  { "uv": [ 0, 0, 16, 16 ], "texture": "#texture" },
        "east":  { "uv": [ 0, 0, 16, 16 ], "texture": "#texture" }
    }
}
]
}